film_actor_bridge_key,film_key,actor_key
1,1,1
2,23,1
3,25,1
4,106,1
5,140,1
6,166,1
7,277,1
8,361,1
9,438,1
10,499,1
11,506,1
12,509,1
13,605,1
14,635,1
15,749,1
16,832,1
17,939,1
18,970,1
19,980,1
20,3,2
21,31,2
22,47,2
23,105,2
24,132,2
25,145,2
26,226,2
27,249,2
28,314,2
29,321,2
30,357,2
31,369,2
32,399,2
33,458,2
34,481,2
35,485,2
36,518,2
37,540,2
38,550,2
39,555,2
40,561,2
41,742,2
42,754,2
43,811,2
44,958,2
45,17,3
46,40,3
47,42,3
48,87,3
49,111,3
50,185,3
51,289,3
52,329,3
53,336,3
54,341,3
55,393,3
56,441,3
57,453,3
58,480,3
59,539,3
60,618,3
61,685,3
62,827,3
63,966,3
64,967,3
65,971,3
66,996,3
67,23,4
68,25,4
69,56,4
70,62,4
71,79,4
72,87,4
73,355,4
74,379,4
75,398,4
76,463,4
77,490,4
78,616,4
79,635,4
80,691,4
81,712,4
82,714,4
83,721,4
84,798,4
85,832,4
86,858,4
87,909,4
88,924,4
89,19,5
90,54,5
91,85,5
92,146,5
93,171,5
94,172,5
95,202,5
96,203,5
97,286,5
98,288,5
99,316,5
100,340,5
101,369,5
102,375,5
103,383,5
104,392,5
105,411,5
106,503,5
107,535,5
108,571,5
109,650,5
110,665,5
111,687,5
112,730,5
113,732,5
114,811,5
115,817,5
116,841,5
117,865,5
118,29,6
119,53,6
120,60,6
121,70,6
122,112,6
123,164,6
124,165,6
125,193,6
126,256,6
127,451,6
128,503,6
129,509,6
130,517,6
131,519,6
132,605,6
133,692,6
134,826,6
135,892,6
136,902,6
137,994,6
138,25,7
139,27,7
140,35,7
141,67,7
142,96,7
143,170,7
144,173,7
145,217,7
146,218,7
147,225,7
148,292,7
149,351,7
150,414,7
151,463,7
152,554,7
153,618,7
154,633,7
155,637,7
156,691,7
157,758,7
158,766,7
159,770,7
160,805,7
161,806,7
162,846,7
163,900,7
164,901,7
165,910,7
166,957,7
167,959,7
168,47,8
169,115,8
170,158,8
171,179,8
172,195,8
173,205,8
174,255,8
175,263,8
176,321,8
177,396,8
178,458,8
179,523,8
180,532,8
181,554,8
182,752,8
183,769,8
184,771,8
185,859,8
186,895,8
187,936,8
188,30,9
189,74,9
190,147,9
191,148,9
192,191,9
193,200,9
194,204,9
195,434,9
196,510,9
197,514,9
198,552,9
199,650,9
200,671,9
201,697,9
202,722,9
203,752,9
204,811,9
205,815,9
206,865,9
207,873,9
208,889,9
209,903,9
210,926,9
211,964,9
212,974,9
213,1,10
214,9,10
215,191,10
216,236,10
217,251,10
218,366,10
219,477,10
220,480,10
221,522,10
222,530,10
223,587,10
224,694,10
225,703,10
226,716,10
227,782,10
228,914,10
229,929,10
230,930,10
231,964,10
232,966,10
233,980,10
234,983,10
235,118,11
236,205,11
237,281,11
238,283,11
239,348,11
240,364,11
241,395,11
242,429,11
243,433,11
244,453,11
245,485,11
246,532,11
247,567,11
248,587,11
249,597,11
250,636,11
251,709,11
252,850,11
253,854,11
254,888,11
255,896,11
256,928,11
257,938,11
258,969,11
259,988,11
260,16,12
261,17,12
262,34,12
263,37,12
264,91,12
265,92,12
266,107,12
267,155,12
268,177,12
269,208,12
270,213,12
271,216,12
272,243,12
273,344,12
274,400,12
275,416,12
276,420,12
277,457,12
278,513,12
279,540,12
280,593,12
281,631,12
282,635,12
283,672,12
284,716,12
285,728,12
286,812,12
287,838,12
288,871,12
289,880,12
290,945,12
291,17,13
292,29,13
293,45,13
294,87,13
295,110,13
296,144,13
297,154,13
298,162,13
299,203,13
300,254,13
301,337,13
302,346,13
303,381,13
304,385,13
305,427,13
306,456,13
307,513,13
308,515,13
309,522,13
310,524,13
311,528,13
312,571,13
313,588,13
314,597,13
315,600,13
316,718,13
317,729,13
318,816,13
319,817,13
320,832,13
321,833,13
322,843,13
323,897,13
324,966,13
325,998,13
326,154,14
327,187,14
328,232,14
329,241,14
330,253,14
331,255,14
332,258,14
333,284,14
334,292,14
335,370,14
336,415,14
337,417,14
338,418,14
339,454,14
340,472,14
341,475,14
342,495,14
343,536,14
344,537,14
345,612,14
346,688,14
347,759,14
348,764,14
349,847,14
350,856,14
351,890,14
352,908,14
353,919,14
354,948,14
355,970,14
356,31,15
357,89,15
358,91,15
359,108,15
360,125,15
361,236,15
362,275,15
363,280,15
364,326,15
365,342,15
366,414,15
367,445,15
368,500,15
369,502,15
370,541,15
371,553,15
372,594,15
373,626,15
374,635,15
375,745,15
376,783,15
377,795,15
378,817,15
379,886,15
380,924,15
381,949,15
382,968,15
383,985,15
384,80,16
385,87,16
386,101,16
387,121,16
388,155,16
389,177,16
390,218,16
391,221,16
392,267,16
393,269,16
394,271,16
395,280,16
396,287,16
397,345,16
398,438,16
399,453,16
400,455,16
401,456,16
402,503,16
403,548,16
404,582,16
405,583,16
406,717,16
407,758,16
408,779,16
409,886,16
410,967,16
411,96,17
412,119,17
413,124,17
414,127,17
415,154,17
416,199,17
417,201,17
418,236,17
419,280,17
420,310,17
421,313,17
422,378,17
423,457,17
424,469,17
425,478,17
426,500,17
427,515,17
428,521,17
429,573,17
430,603,17
431,606,17
432,734,17
433,770,17
434,794,17
435,800,17
436,853,17
437,873,17
438,874,17
439,880,17
440,948,17
441,957,17
442,959,17
443,44,18
444,84,18
445,144,18
446,172,18
447,268,18
448,279,18
449,280,18
450,321,18
451,386,18
452,460,18
453,462,18
454,484,18
455,536,18
456,561,18
457,612,18
458,717,18
459,808,18
460,842,18
461,863,18
462,883,18
463,917,18
464,944,18
465,2,19
466,3,19
467,144,19
468,152,19
469,182,19
470,208,19
471,212,19
472,217,19
473,266,19
474,404,19
475,428,19
476,473,19
477,490,19
478,510,19
479,513,19
480,644,19
481,670,19
482,673,19
483,711,19
484,750,19
485,752,19
486,756,19
487,771,19
488,785,19
489,877,19
490,1,20
491,54,20
492,63,20
493,140,20
494,146,20
495,165,20
496,231,20
497,243,20
498,269,20
499,274,20
500,348,20
501,366,20
502,445,20
503,478,20
504,492,20
505,499,20
506,527,20
507,531,20
508,538,20
509,589,20
510,643,20
511,652,20
512,663,20
513,714,20
514,717,20
515,757,20
516,784,20
517,863,20
518,962,20
519,977,20
520,6,21
521,87,21
522,88,21
523,142,21
524,159,21
525,179,21
526,253,21
527,281,21
528,321,21
529,398,21
530,426,21
531,429,21
532,497,21
533,507,21
534,530,21
535,680,21
536,686,21
537,700,21
538,702,21
539,733,21
540,734,21
541,798,21
542,804,21
543,887,21
544,893,21
545,920,21
546,983,21
547,9,22
548,23,22
549,56,22
550,89,22
551,111,22
552,146,22
553,291,22
554,294,22
555,349,22
556,369,22
557,418,22
558,430,22
559,483,22
560,491,22
561,495,22
562,536,22
563,600,22
564,634,22
565,648,22
566,688,22
567,731,22
568,742,22
569,775,22
570,802,22
571,912,22
572,964,22
573,6,23
574,42,23
575,78,23
576,105,23
577,116,23
578,117,23
579,125,23
580,212,23
581,226,23
582,235,23
583,254,23
584,367,23
585,370,23
586,414,23
587,419,23
588,435,23
589,449,23
590,491,23
591,536,23
592,549,23
593,636,23
594,649,23
595,673,23
596,691,23
597,766,23
598,782,23
599,804,23
600,820,23
601,826,23
602,833,23
603,842,23
604,853,23
605,855,23
606,856,23
607,935,23
608,981,23
609,997,23
610,3,24
611,83,24
612,112,24
613,126,24
614,148,24
615,164,24
616,178,24
617,194,24
618,199,24
619,242,24
620,256,24
621,277,24
622,335,24
623,405,24
624,463,24
625,515,24
626,585,24
627,603,24
628,653,24
629,704,24
630,781,24
631,829,24
632,832,24
633,969,24
634,21,25
635,86,25
636,153,25
637,179,25
638,204,25
639,213,25
640,226,25
641,245,25
642,311,25
643,404,25
644,411,25
645,420,25
646,538,25
647,564,25
648,583,25
649,606,25
650,688,25
651,697,25
652,755,25
653,871,25
654,914,25
655,9,26
656,21,26
657,34,26
658,90,26
659,93,26
660,103,26
661,147,26
662,186,26
663,201,26
664,225,26
665,241,26
666,327,26
667,329,26
668,340,26
669,345,26
670,390,26
671,392,26
672,529,26
673,544,26
674,564,26
675,635,26
676,644,26
677,682,26
678,688,26
679,715,26
680,732,26
681,758,26
682,764,26
683,795,26
684,821,26
685,885,26
686,904,26
687,906,26
688,19,27
689,34,27
690,85,27
691,150,27
692,172,27
693,273,27
694,334,27
695,347,27
696,359,27
697,398,27
698,415,27
699,462,27
700,477,27
701,500,27
702,503,27
703,540,27
704,586,27
705,593,27
706,637,27
707,679,27
708,682,27
709,695,27
710,771,27
711,805,27
712,830,27
713,854,27
714,873,27
715,880,27
716,889,27
717,904,27
718,967,27
719,986,27
720,996,27
721,14,28
722,43,28
723,58,28
724,74,28
725,96,28
726,107,28
727,259,28
728,263,28
729,287,28
730,358,28
731,502,28
732,508,28
733,532,28
734,551,28
735,574,28
736,597,28
737,619,28
738,625,28
739,652,28
740,679,28
741,743,28
742,790,28
743,793,28
744,816,28
745,827,28
746,835,28
747,879,28
748,908,28
749,953,28
750,973,28
751,994,28
752,10,29
753,79,29
754,105,29
755,110,29
756,131,29
757,133,29
758,172,29
759,226,29
760,273,29
761,282,29
762,296,29
763,311,29
764,335,29
765,342,29
766,436,29
767,444,29
768,449,29
769,462,29
770,482,29
771,488,29
772,519,29
773,547,29
774,590,29
775,646,29
776,723,29
777,812,29
778,862,29
779,928,29
780,944,29
781,1,30
782,53,30
783,64,30
784,69,30
785,77,30
786,87,30
787,260,30
788,262,30
789,286,30
790,292,30
791,301,30
792,318,30
793,321,30
794,357,30
795,565,30
796,732,30
797,797,30
798,838,30
799,945,30
800,88,31
801,146,31
802,163,31
803,164,31
804,188,31
805,299,31
806,308,31
807,368,31
808,380,31
809,431,31
810,585,31
811,637,31
812,700,31
813,739,31
814,793,31
815,802,31
816,880,31
817,978,31
818,65,32
819,84,32
820,103,32
821,112,32
822,136,32
823,197,32
824,199,32
825,219,32
826,309,32
827,312,32
828,401,32
829,427,32
830,431,32
831,523,32
832,567,32
833,585,32
834,606,32
835,651,32
836,667,32
837,669,32
838,815,32
839,928,32
840,980,32
841,56,33
842,112,33
843,135,33
844,154,33
845,214,33
846,252,33
847,305,33
848,306,33
849,473,33
850,489,33
851,574,33
852,618,33
853,667,33
854,694,33
855,712,33
856,735,33
857,737,33
858,754,33
859,775,33
860,878,33
861,881,33
862,965,33
863,972,33
864,993,33
865,43,34
866,90,34
867,119,34
868,125,34
869,172,34
870,182,34
871,244,34
872,336,34
873,389,34
874,393,34
875,438,34
876,493,34
877,502,34
878,525,34
879,668,34
880,720,34
881,779,34
882,788,34
883,794,34
884,836,34
885,846,34
886,853,34
887,929,34
888,950,34
889,971,34
890,10,35
891,35,35
892,52,35
893,201,35
894,256,35
895,389,35
896,589,35
897,612,35
898,615,35
899,707,35
900,732,35
901,738,35
902,748,35
903,817,35
904,914,35
905,15,36
906,81,36
907,171,36
908,231,36
909,245,36
910,283,36
911,380,36
912,381,36
913,387,36
914,390,36
915,410,36
916,426,36
917,427,36
918,453,36
919,466,36
920,484,36
921,493,36
922,499,36
923,569,36
924,590,36
925,600,36
926,714,36
927,715,36
928,716,36
929,731,36
930,875,36
931,915,36
932,931,36
933,956,36
934,10,37
935,12,37
936,19,37
937,118,37
938,119,37
939,122,37
940,146,37
941,204,37
942,253,37
943,260,37
944,277,37
945,317,37
946,467,37
947,477,37
948,485,37
949,508,37
950,529,37
951,553,37
952,555,37
953,572,37
954,588,37
955,662,37
956,663,37
957,694,37
958,697,37
959,785,37
960,839,37
961,840,37
962,853,37
963,900,37
964,925,37
965,963,37
966,966,37
967,989,37
968,997,37
969,24,38
970,111,38
971,160,38
972,176,38
973,223,38
974,241,38
975,274,38
976,335,38
977,338,38
978,353,38
979,448,38
980,450,38
981,458,38
982,501,38
983,516,38
984,547,38
985,583,38
986,618,38
987,619,38
988,705,38
989,793,38
990,827,38
991,839,38
992,853,38
993,876,38
994,71,39
995,73,39
996,168,39
997,203,39
998,222,39
999,290,39
1000,293,39
1001,320,39
1002,415,39
1003,425,39
1004,431,39
1005,456,39
1006,476,39
1007,559,39
1008,587,39
1009,598,39
1010,606,39
1011,648,39
1012,683,39
1013,689,39
1014,696,39
1015,700,39
1016,703,39
1017,736,39
1018,772,39
1019,815,39
1020,831,39
1021,920,39
1022,1,40
1023,11,40
1024,34,40
1025,107,40
1026,128,40
1027,163,40
1028,177,40
1029,223,40
1030,233,40
1031,326,40
1032,374,40
1033,394,40
1034,396,40
1035,463,40
1036,466,40
1037,494,40
1038,521,40
1039,723,40
1040,737,40
1041,744,40
1042,747,40
1043,754,40
1044,799,40
1045,835,40
1046,868,40
1047,869,40
1048,887,40
1049,933,40
1050,938,40
1051,4,41
1052,60,41
1053,69,41
1054,86,41
1055,100,41
1056,150,41
1057,159,41
1058,194,41
1059,203,41
1060,212,41
1061,230,41
1062,249,41
1063,252,41
1064,305,41
1065,336,41
1066,383,41
1067,544,41
1068,596,41
1069,657,41
1070,674,41
1071,678,41
1072,721,41
1073,724,41
1074,779,41
1075,784,41
1076,799,41
1077,894,41
1078,912,41
1079,942,41
1080,24,42
1081,139,42
1082,309,42
1083,320,42
1084,333,42
1085,500,42
1086,502,42
1087,505,42
1088,527,42
1089,535,42
1090,546,42
1091,568,42
1092,648,42
1093,665,42
1094,673,42
1095,687,42
1096,713,42
1097,738,42
1098,798,42
1099,861,42
1100,865,42
1101,867,42
1102,876,42
1103,890,42
1104,907,42
1105,922,42
1106,932,42
1107,19,43
1108,42,43
1109,56,43
1110,89,43
1111,105,43
1112,147,43
1113,161,43
1114,180,43
1115,239,43
1116,276,43
1117,330,43
1118,344,43
1119,359,43
1120,377,43
1121,410,43
1122,462,43
1123,533,43
1124,598,43
1125,605,43
1126,608,43
1127,621,43
1128,753,43
1129,827,43
1130,833,43
1131,917,43
1132,958,43
1133,58,44
1134,84,44
1135,88,44
1136,94,44
1137,109,44
1138,176,44
1139,242,44
1140,273,44
1141,322,44
1142,420,44
1143,434,44
1144,490,44
1145,591,44
1146,598,44
1147,604,44
1148,699,44
1149,751,44
1150,784,44
1151,825,44
1152,854,44
1153,875,44
1154,878,44
1155,883,44
1156,896,44
1157,902,44
1158,937,44
1159,944,44
1160,952,44
1161,982,44
1162,998,44
1163,18,45
1164,65,45
1165,66,45
1166,115,45
1167,117,45
1168,164,45
1169,187,45
1170,198,45
1171,219,45
1172,330,45
1173,407,45
1174,416,45
1175,463,45
1176,467,45
1177,484,45
1178,502,45
1179,503,45
1180,508,45
1181,537,45
1182,680,45
1183,714,45
1184,767,45
1185,778,45
1186,797,45
1187,810,45
1188,895,45
1189,900,45
1190,901,45
1191,920,45
1192,925,45
1193,975,45
1194,978,45
1195,38,46
1196,51,46
1197,174,46
1198,254,46
1199,296,46
1200,319,46
1201,407,46
1202,448,46
1203,456,46
1204,463,46
1205,478,46
1206,538,46
1207,540,46
1208,567,46
1209,731,46
1210,766,46
1211,768,46
1212,820,46
1213,829,46
1214,830,46
1215,836,46
1216,889,46
1217,980,46
1218,991,46
1219,25,47
1220,36,47
1221,53,47
1222,67,47
1223,172,47
1224,233,47
1225,273,47
1226,351,47
1227,385,47
1228,484,47
1229,508,47
1230,576,47
1231,670,47
1232,734,47
1233,737,47
1234,770,47
1235,777,47
1236,787,47
1237,790,47
1238,913,47
1239,923,47
1240,924,47
1241,944,47
1242,973,47
1243,99,48
1244,101,48
1245,134,48
1246,150,48
1247,164,48
1248,211,48
1249,245,48
1250,267,48
1251,287,48
1252,295,48
1253,312,48
1254,315,48
1255,345,48
1256,349,48
1257,428,48
1258,506,48
1259,545,48
1260,559,48
1261,570,48
1262,599,48
1263,645,48
1264,705,48
1265,757,48
1266,792,48
1267,922,48
1268,926,48
1269,31,49
1270,151,49
1271,195,49
1272,207,49
1273,250,49
1274,282,49
1275,348,49
1276,391,49
1277,400,49
1278,407,49
1279,423,49
1280,433,49
1281,469,49
1282,506,49
1283,542,49
1284,558,49
1285,579,49
1286,595,49
1287,662,49
1288,709,49
1289,716,49
1290,725,49
1291,729,49
1292,811,49
1293,927,49
1294,977,49
1295,980,49
1296,111,50
1297,178,50
1298,243,50
1299,248,50
1300,274,50
1301,288,50
1302,303,50
1303,306,50
1304,327,50
1305,372,50
1306,401,50
1307,417,50
1308,420,50
1309,437,50
1310,476,50
1311,504,50
1312,520,50
1313,552,50
1314,591,50
1315,621,50
1316,632,50
1317,645,50
1318,672,50
1319,717,50
1320,732,50
1321,795,50
1322,829,50
1323,840,50
1324,897,50
1325,918,50
1326,924,50
1327,957,50
1328,5,51
1329,63,51
1330,103,51
1331,112,51
1332,121,51
1333,153,51
1334,395,51
1335,408,51
1336,420,51
1337,461,51
1338,490,51
1339,525,51
1340,627,51
1341,678,51
1342,733,51
1343,734,51
1344,737,51
1345,750,51
1346,847,51
1347,891,51
1348,895,51
1349,940,51
1350,974,51
1351,990,51
1352,993,51
1353,20,52
1354,92,52
1355,96,52
1356,108,52
1357,203,52
1358,249,52
1359,341,52
1360,376,52
1361,388,52
1362,407,52
1363,424,52
1364,474,52
1365,515,52
1366,517,52
1367,584,52
1368,596,52
1369,664,52
1370,675,52
1371,689,52
1372,714,52
1373,812,52
1374,878,52
1375,879,52
1376,915,52
1377,951,52
1378,999,52
1379,1,53
1380,9,53
1381,51,53
1382,58,53
1383,109,53
1384,122,53
1385,126,53
1386,181,53
1387,256,53
1388,268,53
1389,285,53
1390,307,53
1391,358,53
1392,386,53
1393,447,53
1394,465,53
1395,490,53
1396,492,53
1397,508,53
1398,518,53
1399,573,53
1400,576,53
1401,577,53
1402,697,53
1403,725,53
1404,727,53
1405,937,53
1406,947,53
1407,961,53
1408,980,53
1409,84,54
1410,129,54
1411,150,54
1412,184,54
1413,285,54
1414,292,54
1415,301,54
1416,348,54
1417,489,54
1418,510,54
1419,524,54
1420,546,54
1421,600,54
1422,636,54
1423,649,54
1424,658,54
1425,754,54
1426,764,54
1427,842,54
1428,858,54
1429,861,54
1430,913,54
1431,970,54
1432,988,54
1433,990,54
1434,8,55
1435,27,55
1436,75,55
1437,197,55
1438,307,55
1439,320,55
1440,340,55
1441,403,55
1442,485,55
1443,486,55
1444,603,55
1445,612,55
1446,620,55
1447,709,55
1448,776,55
1449,790,55
1450,815,55
1451,827,55
1452,930,55
1453,963,55
1454,63,56
1455,87,56
1456,226,56
1457,236,56
1458,298,56
1459,307,56
1460,354,56
1461,383,56
1462,417,56
1463,421,56
1464,457,56
1465,462,56
1466,474,56
1467,521,56
1468,593,56
1469,728,56
1470,750,56
1471,769,56
1472,781,56
1473,795,56
1474,844,56
1475,851,56
1476,862,56
1477,868,56
1478,892,56
1479,893,56
1480,936,56
1481,965,56
1482,16,57
1483,34,57
1484,101,57
1485,114,57
1486,122,57
1487,134,57
1488,144,57
1489,153,57
1490,192,57
1491,213,57
1492,258,57
1493,267,57
1494,317,57
1495,340,57
1496,393,57
1497,437,57
1498,447,57
1499,502,57
1500,592,57
1501,605,57
1502,637,57
1503,685,57
1504,707,57
1505,714,57
1506,717,57
1507,737,57
1508,767,57
1509,852,57
1510,891,57
1511,918,57
1512,48,58
1513,68,58
1514,119,58
1515,128,58
1516,135,58
1517,175,58
1518,199,58
1519,235,58
1520,242,58
1521,243,58
1522,254,58
1523,306,58
1524,316,58
1525,417,58
1526,426,58
1527,460,58
1528,477,58
1529,541,58
1530,549,58
1531,551,58
1532,553,58
1533,578,58
1534,602,58
1535,632,58
1536,635,58
1537,638,58
1538,698,58
1539,726,58
1540,755,58
1541,800,58
1542,856,58
1543,858,58
1544,5,59
1545,46,59
1546,54,59
1547,72,59
1548,88,59
1549,121,59
1550,129,59
1551,130,59
1552,183,59
1553,210,59
1554,241,59
1555,295,59
1556,418,59
1557,572,59
1558,644,59
1559,650,59
1560,689,59
1561,694,59
1562,702,59
1563,713,59
1564,749,59
1565,772,59
1566,853,59
1567,862,59
1568,943,59
1569,946,59
1570,984,59
1571,31,60
1572,85,60
1573,133,60
1574,142,60
1575,177,60
1576,179,60
1577,186,60
1578,222,60
1579,235,60
1580,239,60
1581,253,60
1582,262,60
1583,297,60
1584,299,60
1585,334,60
1586,376,60
1587,423,60
1588,436,60
1589,493,60
1590,534,60
1591,551,60
1592,658,60
1593,665,60
1594,679,60
1595,754,60
1596,771,60
1597,783,60
1598,784,60
1599,805,60
1600,830,60
1601,835,60
1602,928,60
1603,952,60
1604,971,60
1605,986,60
1606,235,61
1607,237,61
1608,307,61
1609,362,61
1610,372,61
1611,374,61
1612,423,61
1613,433,61
1614,508,61
1615,518,61
1616,519,61
1617,535,61
1618,537,61
1619,585,61
1620,639,61
1621,648,61
1622,649,61
1623,703,61
1624,752,61
1625,766,61
1626,767,61
1627,780,61
1628,831,61
1629,832,61
1630,990,61
1631,6,62
1632,42,62
1633,54,62
1634,100,62
1635,101,62
1636,129,62
1637,198,62
1638,211,62
1639,231,62
1640,272,62
1641,295,62
1642,337,62
1643,375,62
1644,385,62
1645,393,62
1646,398,62
1647,406,62
1648,413,62
1649,428,62
1650,445,62
1651,457,62
1652,465,62
1653,688,62
1654,707,62
1655,719,62
1656,951,62
1657,981,62
1658,988,62
1659,990,62
1660,73,63
1661,134,63
1662,167,63
1663,208,63
1664,225,63
1665,248,63
1666,249,63
1667,278,63
1668,392,63
1669,517,63
1670,633,63
1671,763,63
1672,781,63
1673,809,63
1674,893,63
1675,932,63
1676,944,63
1677,945,63
1678,981,63
1679,3,64
1680,10,64
1681,37,64
1682,87,64
1683,88,64
1684,124,64
1685,197,64
1686,280,64
1687,291,64
1688,307,64
1689,335,64
1690,345,64
1691,448,64
1692,469,64
1693,471,64
1694,506,64
1695,543,64
1696,557,64
1697,569,64
1698,572,64
1699,597,64
1700,616,64
1701,646,64
1702,694,64
1703,832,64
1704,852,64
1705,860,64
1706,921,64
1707,925,64
1708,980,64
1709,39,65
1710,46,65
1711,97,65
1712,106,65
1713,117,65
1714,125,65
1715,158,65
1716,276,65
1717,305,65
1718,338,65
1719,347,65
1720,371,65
1721,398,65
1722,471,65
1723,475,65
1724,476,65
1725,491,65
1726,496,65
1727,516,65
1728,517,65
1729,541,65
1730,556,65
1731,571,65
1732,577,65
1733,615,65
1734,658,65
1735,683,65
1736,694,65
1737,714,65
1738,735,65
1739,852,65
1740,938,65
1741,951,65
1742,965,65
1743,55,66
1744,143,66
1745,207,66
1746,226,66
1747,229,66
1748,230,66
1749,283,66
1750,300,66
1751,342,66
1752,350,66
1753,361,66
1754,376,66
1755,424,66
1756,434,66
1757,553,66
1758,608,66
1759,676,66
1760,697,66
1761,706,66
1762,725,66
1763,769,66
1764,793,66
1765,829,66
1766,871,66
1767,909,66
1768,915,66
1769,928,66
1770,951,66
1771,957,66
1772,960,66
1773,999,66
1774,24,67
1775,57,67
1776,67,67
1777,144,67
1778,242,67
1779,244,67
1780,256,67
1781,408,67
1782,477,67
1783,496,67
1784,512,67
1785,576,67
1786,601,67
1787,725,67
1788,726,67
1789,731,67
1790,766,67
1791,861,67
1792,870,67
1793,915,67
1794,945,67
1795,972,67
1796,981,67
1797,9,68
1798,45,68
1799,133,68
1800,161,68
1801,205,68
1802,213,68
1803,215,68
1804,255,68
1805,296,68
1806,315,68
1807,325,68
1808,331,68
1809,347,68
1810,357,68
1811,378,68
1812,380,68
1813,386,68
1814,396,68
1815,435,68
1816,497,68
1817,607,68
1818,654,68
1819,665,68
1820,671,68
1821,706,68
1822,747,68
1823,834,68
1824,839,68
1825,840,68
1826,971,68
1827,15,69
1828,88,69
1829,111,69
1830,202,69
1831,236,69
1832,292,69
1833,300,69
1834,306,69
1835,374,69
1836,396,69
1837,452,69
1838,466,69
1839,529,69
1840,612,69
1841,720,69
1842,722,69
1843,761,69
1844,791,69
1845,864,69
1846,877,69
1847,914,69
1848,50,70
1849,53,70
1850,92,70
1851,202,70
1852,227,70
1853,249,70
1854,290,70
1855,304,70
1856,343,70
1857,414,70
1858,453,70
1859,466,70
1860,504,70
1861,584,70
1862,628,70
1863,654,70
1864,725,70
1865,823,70
1866,834,70
1867,856,70
1868,869,70
1869,953,70
1870,964,70
1871,26,71
1872,52,71
1873,233,71
1874,317,71
1875,359,71
1876,362,71
1877,385,71
1878,399,71
1879,450,71
1880,532,71
1881,560,71
1882,574,71
1883,638,71
1884,773,71
1885,833,71
1886,874,71
1887,918,71
1888,956,71
1889,34,72
1890,144,72
1891,237,72
1892,249,72
1893,286,72
1894,296,72
1895,325,72
1896,331,72
1897,405,72
1898,450,72
1899,550,72
1900,609,72
1901,623,72
1902,636,72
1903,640,72
1904,665,72
1905,718,72
1906,743,72
1907,757,72
1908,773,72
1909,854,72
1910,865,72
1911,938,72
1912,956,72
1913,964,72
1914,969,72
1915,36,73
1916,45,73
1917,51,73
1918,77,73
1919,148,73
1920,245,73
1921,275,73
1922,322,73
1923,374,73
1924,379,73
1925,467,73
1926,548,73
1927,561,73
1928,562,73
1929,565,73
1930,627,73
1931,666,73
1932,667,73
1933,707,73
1934,748,73
1935,772,73
1936,823,73
1937,936,73
1938,946,73
1939,950,73
1940,998,73
1941,28,74
1942,44,74
1943,117,74
1944,185,74
1945,192,74
1946,203,74
1947,263,74
1948,321,74
1949,415,74
1950,484,74
1951,503,74
1952,537,74
1953,543,74
1954,617,74
1955,626,74
1956,637,74
1957,663,74
1958,704,74
1959,720,74
1960,747,74
1961,780,74
1962,804,74
1963,834,74
1964,836,74
1965,848,74
1966,872,74
1967,902,74
1968,956,74
1969,12,75
1970,34,75
1971,143,75
1972,170,75
1973,222,75
1974,301,75
1975,347,75
1976,372,75
1977,436,75
1978,445,75
1979,446,75
1980,492,75
1981,498,75
1982,508,75
1983,541,75
1984,547,75
1985,579,75
1986,645,75
1987,667,75
1988,744,75
1989,764,75
1990,780,75
1991,870,75
1992,920,75
1993,60,76
1994,66,76
1995,68,76
1996,95,76
1997,122,76
1998,187,76
1999,223,76
2000,234,76
2001,251,76
2002,348,76
2003,444,76
2004,464,76
2005,474,76
2006,498,76
2007,568,76
2008,604,76
2009,606,76
2010,642,76
2011,648,76
2012,650,76
2013,709,76
2014,760,76
2015,765,76
2016,781,76
2017,850,76
2018,862,76
2019,866,76
2020,870,76
2021,912,76
2022,935,76
2023,958,76
2024,13,77
2025,22,77
2026,40,77
2027,73,77
2028,78,77
2029,153,77
2030,224,77
2031,240,77
2032,245,77
2033,261,77
2034,343,77
2035,442,77
2036,458,77
2037,538,77
2038,566,77
2039,612,77
2040,635,77
2041,694,77
2042,749,77
2043,938,77
2044,943,77
2045,963,77
2046,969,77
2047,993,77
2048,86,78
2049,239,78
2050,260,78
2051,261,78
2052,265,78
2053,301,78
2054,387,78
2055,393,78
2056,428,78
2057,457,78
2058,505,78
2059,520,78
2060,530,78
2061,549,78
2062,552,78
2063,599,78
2064,670,78
2065,674,78
2066,689,78
2067,762,78
2068,767,78
2069,811,78
2070,852,78
2071,880,78
2072,963,78
2073,968,78
2074,32,79
2075,33,79
2076,40,79
2077,141,79
2078,205,79
2079,230,79
2080,242,79
2081,262,79
2082,267,79
2083,269,79
2084,299,79
2085,367,79
2086,428,79
2087,430,79
2088,473,79
2089,607,79
2090,628,79
2091,634,79
2092,646,79
2093,727,79
2094,750,79
2095,753,79
2096,769,79
2097,776,79
2098,788,79
2099,840,79
2100,853,79
2101,916,79
2102,69,80
2103,118,80
2104,124,80
2105,175,80
2106,207,80
2107,212,80
2108,260,80
2109,262,80
2110,280,80
2111,341,80
2112,342,80
2113,343,80
2114,362,80
2115,436,80
2116,475,80
2117,553,80
2118,619,80
2119,622,80
2120,680,80
2121,687,80
2122,688,80
2123,709,80
2124,788,80
2125,807,80
2126,858,80
2127,888,80
2128,941,80
2129,979,80
2130,4,81
2131,11,81
2132,59,81
2133,89,81
2134,178,81
2135,186,81
2136,194,81
2137,215,81
2138,219,81
2139,232,81
2140,260,81
2141,267,81
2142,268,81
2143,304,81
2144,332,81
2145,389,81
2146,398,81
2147,453,81
2148,458,81
2149,465,81
2150,505,81
2151,508,81
2152,527,81
2153,545,81
2154,564,81
2155,578,81
2156,579,81
2157,613,81
2158,619,81
2159,643,81
2160,692,81
2161,710,81
2162,729,81
2163,761,81
2164,827,81
2165,910,81
2166,17,82
2167,33,82
2168,104,82
2169,143,82
2170,188,82
2171,242,82
2172,247,82
2173,290,82
2174,306,82
2175,316,82
2176,344,82
2177,453,82
2178,468,82
2179,480,82
2180,497,82
2181,503,82
2182,527,82
2183,551,82
2184,561,82
2185,750,82
2186,787,82
2187,802,82
2188,838,82
2189,839,82
2190,870,82
2191,877,82
2192,893,82
2193,911,82
2194,954,82
2195,978,82
2196,985,82
2197,49,83
2198,52,83
2199,58,83
2200,110,83
2201,120,83
2202,121,83
2203,135,83
2204,165,83
2205,217,83
2206,247,83
2207,249,83
2208,263,83
2209,268,83
2210,279,83
2211,281,83
2212,339,83
2213,340,83
2214,369,83
2215,412,83
2216,519,83
2217,529,83
2218,615,83
2219,631,83
2220,655,83
2221,672,83
2222,686,83
2223,719,83
2224,764,83
2225,777,83
2226,784,83
2227,833,83
2228,873,83
2229,932,83
2230,19,84
2231,39,84
2232,46,84
2233,175,84
2234,238,84
2235,281,84
2236,290,84
2237,312,84
2238,317,84
2239,413,84
2240,414,84
2241,460,84
2242,479,84
2243,491,84
2244,529,84
2245,540,84
2246,566,84
2247,574,84
2248,589,84
2249,616,84
2250,646,84
2251,703,84
2252,729,84
2253,764,84
2254,782,84
2255,809,84
2256,830,84
2257,843,84
2258,887,84
2259,975,84
2260,996,84
2261,2,85
2262,14,85
2263,72,85
2264,85,85
2265,92,85
2266,148,85
2267,216,85
2268,290,85
2269,296,85
2270,297,85
2271,337,85
2272,383,85
2273,421,85
2274,446,85
2275,461,85
2276,475,85
2277,478,85
2278,522,85
2279,543,85
2280,558,85
2281,591,85
2282,630,85
2283,678,85
2284,711,85
2285,761,85
2286,812,85
2287,869,85
2288,875,85
2289,895,85
2290,957,85
2291,960,85
2292,137,86
2293,163,86
2294,196,86
2295,216,86
2296,249,86
2297,303,86
2298,331,86
2299,364,86
2300,391,86
2301,432,86
2302,482,86
2303,486,86
2304,519,86
2305,520,86
2306,548,86
2307,623,86
2308,631,86
2309,636,86
2310,752,86
2311,760,86
2312,808,86
2313,857,86
2314,878,86
2315,893,86
2316,905,86
2317,923,86
2318,929,86
2319,48,87
2320,157,87
2321,161,87
2322,199,87
2323,207,87
2324,250,87
2325,253,87
2326,312,87
2327,421,87
2328,570,87
2329,599,87
2330,606,87
2331,654,87
2332,679,87
2333,706,87
2334,718,87
2335,721,87
2336,830,87
2337,870,87
2338,952,87
2339,961,87
2340,4,88
2341,76,88
2342,87,88
2343,128,88
2344,170,88
2345,193,88
2346,234,88
2347,304,88
2348,602,88
2349,620,88
2350,668,88
2351,717,88
2352,785,88
2353,819,88
2354,839,88
2355,881,88
2356,908,88
2357,929,88
2358,940,88
2359,968,88
2360,47,89
2361,103,89
2362,117,89
2363,162,89
2364,182,89
2365,187,89
2366,212,89
2367,254,89
2368,266,89
2369,306,89
2370,342,89
2371,406,89
2372,410,89
2373,446,89
2374,473,89
2375,488,89
2376,529,89
2377,542,89
2378,564,89
2379,697,89
2380,833,89
2381,864,89
2382,970,89
2383,976,89
2384,2,90
2385,11,90
2386,100,90
2387,197,90
2388,212,90
2389,262,90
2390,303,90
2391,330,90
2392,363,90
2393,374,90
2394,384,90
2395,385,90
2396,391,90
2397,406,90
2398,433,90
2399,442,90
2400,451,90
2401,520,90
2402,529,90
2403,542,90
2404,586,90
2405,633,90
2406,663,90
2407,676,90
2408,771,90
2409,817,90
2410,838,90
2411,855,90
2412,858,90
2413,868,90
2414,880,90
2415,901,90
2416,925,90
2417,13,91
2418,25,91
2419,48,91
2420,176,91
2421,181,91
2422,190,91
2423,335,91
2424,416,91
2425,447,91
2426,480,91
2427,493,91
2428,509,91
2429,511,91
2430,608,91
2431,807,91
2432,829,91
2433,849,91
2434,859,91
2435,941,91
2436,982,91
2437,90,92
2438,94,92
2439,103,92
2440,104,92
2441,123,92
2442,137,92
2443,207,92
2444,229,92
2445,338,92
2446,381,92
2447,436,92
2448,443,92
2449,453,92
2450,470,92
2451,505,92
2452,512,92
2453,543,92
2454,545,92
2455,547,92
2456,553,92
2457,564,92
2458,568,92
2459,618,92
2460,662,92
2461,686,92
2462,699,92
2463,712,92
2464,728,92
2465,802,92
2466,825,92
2467,838,92
2468,889,92
2469,929,92
2470,991,92
2471,71,93
2472,120,93
2473,124,93
2474,280,93
2475,325,93
2476,339,93
2477,427,93
2478,445,93
2479,453,93
2480,473,93
2481,573,93
2482,621,93
2483,644,93
2484,678,93
2485,680,93
2486,699,93
2487,744,93
2488,768,93
2489,777,93
2490,835,93
2491,856,93
2492,874,93
2493,909,93
2494,916,93
2495,982,93
2496,13,94
2497,60,94
2498,76,94
2499,122,94
2500,153,94
2501,193,94
2502,206,94
2503,228,94
2504,270,94
2505,275,94
2506,320,94
2507,322,94
2508,337,94
2509,354,94
2510,402,94
2511,428,94
2512,457,94
2513,473,94
2514,475,94
2515,512,94
2516,517,94
2517,521,94
2518,533,94
2519,540,94
2520,548,94
2521,551,94
2522,712,94
2523,713,94
2524,724,94
2525,775,94
2526,788,94
2527,950,94
2528,989,94
2529,22,95
2530,35,95
2531,47,95
2532,52,95
2533,65,95
2534,74,95
2535,126,95
2536,207,95
2537,245,95
2538,294,95
2539,301,95
2540,312,95
2541,329,95
2542,353,95
2543,375,95
2544,420,95
2545,424,95
2546,431,95
2547,498,95
2548,522,95
2549,546,95
2550,551,95
2551,619,95
2552,627,95
2553,690,95
2554,748,95
2555,813,95
2556,828,95
2557,855,95
2558,903,95
2559,923,95
2560,8,96
2561,36,96
2562,40,96
2563,54,96
2564,58,96
2565,66,96
2566,134,96
2567,209,96
2568,244,96
2569,320,96
2570,430,96
2571,452,96
2572,486,96
2573,572,96
2574,590,96
2575,661,96
2576,778,96
2577,832,96
2578,846,96
2579,874,96
2580,945,96
2581,968,96
2582,987,96
2583,143,97
2584,177,97
2585,188,97
2586,197,97
2587,256,97
2588,312,97
2589,342,97
2590,348,97
2591,358,97
2592,370,97
2593,437,97
2594,446,97
2595,466,97
2596,518,97
2597,553,97
2598,561,97
2599,641,97
2600,656,97
2601,728,97
2602,755,97
2603,757,97
2604,826,97
2605,862,97
2606,930,97
2607,933,97
2608,947,97
2609,951,97
2610,66,98
2611,72,98
2612,81,98
2613,87,98
2614,107,98
2615,120,98
2616,183,98
2617,194,98
2618,212,98
2619,297,98
2620,607,98
2621,634,98
2622,686,98
2623,705,98
2624,710,98
2625,721,98
2626,725,98
2627,734,98
2628,738,98
2629,765,98
2630,782,98
2631,824,98
2632,829,98
2633,912,98
2634,955,98
2635,985,98
2636,990,98
2637,7,99
2638,27,99
2639,84,99
2640,250,99
2641,322,99
2642,325,99
2643,381,99
2644,414,99
2645,475,99
2646,490,99
2647,512,99
2648,540,99
2649,572,99
2650,600,99
2651,618,99
2652,620,99
2653,622,99
2654,636,99
2655,672,99
2656,726,99
2657,741,99
2658,796,99
2659,835,99
2660,967,99
2661,978,99
2662,982,99
2663,17,100
2664,118,100
2665,250,100
2666,411,100
2667,414,100
2668,513,100
2669,563,100
2670,642,100
2671,714,100
2672,718,100
2673,759,100
2674,779,100
2675,815,100
2676,846,100
2677,850,100
2678,872,100
2679,877,100
2680,909,100
2681,919,100
2682,944,100
2683,967,100
2684,979,100
2685,991,100
2686,992,100
2687,60,101
2688,66,101
2689,85,101
2690,146,101
2691,189,101
2692,250,101
2693,255,101
2694,263,101
2695,275,101
2696,289,101
2697,491,101
2698,494,101
2699,511,101
2700,568,101
2701,608,101
2702,617,101
2703,655,101
2704,662,101
2705,700,101
2706,702,101
2707,758,101
2708,774,101
2709,787,101
2710,828,101
2711,841,101
2712,928,101
2713,932,101
2714,936,101
2715,941,101
2716,978,101
2717,980,101
2718,984,101
2719,988,101
2720,20,102
2721,34,102
2722,53,102
2723,123,102
2724,124,102
2725,194,102
2726,200,102
2727,205,102
2728,268,102
2729,326,102
2730,329,102
2731,334,102
2732,351,102
2733,418,102
2734,431,102
2735,446,102
2736,485,102
2737,508,102
2738,517,102
2739,521,102
2740,526,102
2741,529,102
2742,544,102
2743,600,102
2744,605,102
2745,606,102
2746,624,102
2747,631,102
2748,712,102
2749,728,102
2750,744,102
2751,796,102
2752,802,102
2753,810,102
2754,828,102
2755,837,102
2756,845,102
2757,852,102
2758,958,102
2759,979,102
2760,980,102
2761,5,103
2762,118,103
2763,130,103
2764,197,103
2765,199,103
2766,206,103
2767,215,103
2768,221,103
2769,271,103
2770,285,103
2771,315,103
2772,318,103
2773,333,103
2774,347,103
2775,356,103
2776,360,103
2777,378,103
2778,437,103
2779,585,103
2780,609,103
2781,639,103
2782,643,103
2783,692,103
2784,735,103
2785,822,103
2786,895,103
2787,903,103
2788,912,103
2789,942,103
2790,956,103
2791,19,104
2792,39,104
2793,40,104
2794,59,104
2795,70,104
2796,136,104
2797,156,104
2798,184,104
2799,198,104
2800,233,104
2801,259,104
2802,287,104
2803,309,104
2804,313,104
2805,394,104
2806,401,104
2807,463,104
2808,506,104
2809,516,104
2810,583,104
2811,600,104
2812,607,104
2813,657,104
2814,677,104
2815,739,104
2816,892,104
2817,904,104
2818,926,104
2819,945,104
2820,984,104
2821,999,104
2822,12,105
2823,15,105
2824,21,105
2825,29,105
2826,42,105
2827,116,105
2828,158,105
2829,239,105
2830,280,105
2831,283,105
2832,315,105
2833,333,105
2834,372,105
2835,377,105
2836,530,105
2837,558,105
2838,561,105
2839,606,105
2840,649,105
2841,686,105
2842,750,105
2843,795,105
2844,831,105
2845,835,105
2846,858,105
2847,864,105
2848,893,105
2849,906,105
2850,910,105
2851,915,105
2852,954,105
2853,990,105
2854,993,105
2855,994,105
2856,44,106
2857,83,106
2858,108,106
2859,126,106
2860,136,106
2861,166,106
2862,189,106
2863,194,106
2864,204,106
2865,229,106
2866,241,106
2867,345,106
2868,365,106
2869,399,106
2870,439,106
2871,457,106
2872,469,106
2873,500,106
2874,505,106
2875,559,106
2876,566,106
2877,585,106
2878,639,106
2879,654,106
2880,659,106
2881,675,106
2882,687,106
2883,752,106
2884,763,106
2885,780,106
2886,858,106
2887,866,106
2888,881,106
2889,894,106
2890,934,106
2891,62,107
2892,112,107
2893,133,107
2894,136,107
2895,138,107
2896,162,107
2897,165,107
2898,172,107
2899,209,107
2900,220,107
2901,239,107
2902,277,107
2903,292,107
2904,338,107
2905,348,107
2906,369,107
2907,388,107
2908,392,107
2909,409,107
2910,430,107
2911,445,107
2912,454,107
2913,458,107
2914,467,107
2915,520,107
2916,534,107
2917,548,107
2918,571,107
2919,574,107
2920,603,107
2921,606,107
2922,637,107
2923,774,107
2924,781,107
2925,796,107
2926,831,107
2927,849,107
2928,859,107
2929,879,107
2930,905,107
2931,973,107
2932,977,107
2933,1,108
2934,6,108
2935,9,108
2936,137,108
2937,208,108
2938,219,108
2939,242,108
2940,278,108
2941,302,108
2942,350,108
2943,378,108
2944,379,108
2945,495,108
2946,507,108
2947,517,108
2948,561,108
2949,567,108
2950,648,108
2951,652,108
2952,655,108
2953,673,108
2954,693,108
2955,696,108
2956,702,108
2957,721,108
2958,733,108
2959,741,108
2960,744,108
2961,887,108
2962,892,108
2963,894,108
2964,920,108
2965,958,108
2966,966,108
2967,12,109
2968,48,109
2969,77,109
2970,157,109
2971,174,109
2972,190,109
2973,243,109
2974,281,109
2975,393,109
2976,463,109
2977,622,109
2978,657,109
2979,694,109
2980,700,109
2981,732,109
2982,753,109
2983,785,109
2984,786,109
2985,863,109
2986,885,109
2987,955,109
2988,967,109
2989,8,110
2990,27,110
2991,62,110
2992,120,110
2993,126,110
2994,156,110
2995,292,110
2996,343,110
2997,360,110
2998,369,110
2999,435,110
3000,513,110
3001,525,110
3002,539,110
3003,545,110
3004,625,110
3005,650,110
3006,801,110
3007,912,110
3008,961,110
3009,987,110
3010,61,111
3011,78,111
3012,98,111
3013,162,111
3014,179,111
3015,194,111
3016,325,111
3017,359,111
3018,382,111
3019,403,111
3020,407,111
3021,414,111
3022,474,111
3023,489,111
3024,508,111
3025,555,111
3026,603,111
3027,608,111
3028,643,111
3029,669,111
3030,679,111
3031,680,111
3032,699,111
3033,731,111
3034,732,111
3035,737,111
3036,744,111
3037,777,111
3038,847,111
3039,894,111
3040,919,111
3041,962,111
3042,973,111
3043,34,112
3044,37,112
3045,151,112
3046,173,112
3047,188,112
3048,231,112
3049,312,112
3050,322,112
3051,443,112
3052,450,112
3053,565,112
3054,603,112
3055,606,112
3056,654,112
3057,666,112
3058,700,112
3059,728,112
3060,772,112
3061,796,112
3062,817,112
3063,829,112
3064,856,112
3065,865,112
3066,869,112
3067,988,112
3068,35,113
3069,84,113
3070,116,113
3071,181,113
3072,218,113
3073,249,113
3074,258,113
3075,292,113
3076,322,113
3077,353,113
3078,403,113
3079,525,113
3080,642,113
3081,656,113
3082,674,113
3083,680,113
3084,700,113
3085,719,113
3086,723,113
3087,726,113
3088,732,113
3089,748,113
3090,838,113
3091,890,113
3092,921,113
3093,969,113
3094,981,113
3095,13,114
3096,68,114
3097,90,114
3098,162,114
3099,188,114
3100,194,114
3101,210,114
3102,237,114
3103,254,114
3104,305,114
3105,339,114
3106,420,114
3107,425,114
3108,452,114
3109,538,114
3110,619,114
3111,757,114
3112,807,114
3113,827,114
3114,841,114
3115,861,114
3116,866,114
3117,913,114
3118,961,114
3119,993,114
3120,49,115
3121,52,115
3122,245,115
3123,246,115
3124,277,115
3125,302,115
3126,379,115
3127,383,115
3128,391,115
3129,428,115
3130,506,115
3131,531,115
3132,607,115
3133,615,115
3134,661,115
3135,671,115
3136,686,115
3137,703,115
3138,714,115
3139,740,115
3140,754,115
3141,846,115
3142,887,115
3143,952,115
3144,955,115
3145,966,115
3146,985,115
3147,994,115
3148,36,116
3149,48,116
3150,88,116
3151,90,116
3152,105,116
3153,128,116
3154,336,116
3155,338,116
3156,384,116
3157,412,116
3158,420,116
3159,451,116
3160,481,116
3161,492,116
3162,584,116
3163,606,116
3164,622,116
3165,647,116
3166,653,116
3167,742,116
3168,784,116
3169,844,116
3170,939,116
3171,956,116
3172,10,117
3173,15,117
3174,42,117
3175,167,117
3176,178,117
3177,190,117
3178,197,117
3179,224,117
3180,246,117
3181,273,117
3182,298,117
3183,316,117
3184,337,117
3185,395,117
3186,423,117
3187,432,117
3188,459,117
3189,468,117
3190,550,117
3191,578,117
3192,707,117
3193,710,117
3194,738,117
3195,739,117
3196,778,117
3197,783,117
3198,785,117
3199,797,117
3200,812,117
3201,831,117
3202,864,117
3203,887,117
3204,926,117
3205,35,118
3206,39,118
3207,41,118
3208,49,118
3209,55,118
3210,136,118
3211,141,118
3212,151,118
3213,311,118
3214,384,118
3215,399,118
3216,499,118
3217,517,118
3218,553,118
3219,558,118
3220,572,118
3221,641,118
3222,656,118
3223,695,118
3224,735,118
3225,788,118
3226,852,118
3227,938,118
3228,957,118
3229,969,118
3230,21,119
3231,49,119
3232,64,119
3233,87,119
3234,143,119
3235,171,119
3236,172,119
3237,173,119
3238,381,119
3239,394,119
3240,412,119
3241,418,119
3242,454,119
3243,509,119
3244,521,119
3245,567,119
3246,570,119
3247,592,119
3248,614,119
3249,636,119
3250,649,119
3251,693,119
3252,738,119
3253,751,119
3254,782,119
3255,786,119
3256,788,119
3257,802,119
3258,858,119
3259,868,119
3260,900,119
3261,939,119
3262,57,120
3263,63,120
3264,144,120
3265,149,120
3266,208,120
3267,231,120
3268,238,120
3269,255,120
3270,414,120
3271,424,120
3272,489,120
3273,513,120
3274,590,120
3275,641,120
3276,642,120
3277,659,120
3278,682,120
3279,691,120
3280,715,120
3281,717,120
3282,722,120
3283,746,120
3284,830,120
3285,894,120
3286,898,120
3287,911,120
3288,994,120
3289,141,121
3290,154,121
3291,161,121
3292,170,121
3293,186,121
3294,198,121
3295,220,121
3296,222,121
3297,284,121
3298,297,121
3299,338,121
3300,353,121
3301,449,121
3302,479,121
3303,517,121
3304,633,121
3305,654,121
3306,658,121
3307,666,121
3308,771,121
3309,780,121
3310,847,121
3311,884,121
3312,885,121
3313,966,121
3314,22,122
3315,29,122
3316,76,122
3317,83,122
3318,157,122
3319,158,122
3320,166,122
3321,227,122
3322,238,122
3323,300,122
3324,307,122
3325,363,122
3326,470,122
3327,489,122
3328,491,122
3329,542,122
3330,620,122
3331,649,122
3332,654,122
3333,673,122
3334,718,122
3335,795,122
3336,957,122
3337,961,122
3338,998,122
3339,3,123
3340,43,123
3341,67,123
3342,105,123
3343,148,123
3344,151,123
3345,185,123
3346,223,123
3347,234,123
3348,245,123
3349,246,123
3350,266,123
3351,286,123
3352,429,123
3353,442,123
3354,446,123
3355,479,123
3356,480,123
3357,494,123
3358,503,123
3359,530,123
3360,576,123
3361,577,123
3362,589,123
3363,593,123
3364,725,123
3365,730,123
3366,786,123
3367,860,123
3368,892,123
3369,926,123
3370,988,123
3371,22,124
3372,64,124
3373,106,124
3374,113,124
3375,190,124
3376,246,124
3377,260,124
3378,263,124
3379,289,124
3380,306,124
3381,312,124
3382,322,124
3383,343,124
3384,449,124
3385,468,124
3386,539,124
3387,601,124
3388,726,124
3389,742,124
3390,775,124
3391,785,124
3392,814,124
3393,858,124
3394,882,124
3395,987,124
3396,997,124
3397,62,125
3398,98,125
3399,100,125
3400,114,125
3401,175,125
3402,188,125
3403,204,125
3404,238,125
3405,250,125
3406,324,125
3407,338,125
3408,361,125
3409,367,125
3410,395,125
3411,414,125
3412,428,125
3413,429,125
3414,450,125
3415,497,125
3416,557,125
3417,568,125
3418,584,125
3419,602,125
3420,623,125
3421,664,125
3422,683,125
3423,710,125
3424,877,125
3425,908,125
3426,949,125
3427,965,125
3428,21,126
3429,34,126
3430,43,126
3431,58,126
3432,85,126
3433,96,126
3434,193,126
3435,194,126
3436,199,126
3437,256,126
3438,263,126
3439,288,126
3440,317,126
3441,347,126
3442,369,126
3443,370,126
3444,419,126
3445,468,126
3446,469,126
3447,545,126
3448,685,126
3449,836,126
3450,860,126
3451,36,127
3452,47,127
3453,48,127
3454,79,127
3455,119,127
3456,141,127
3457,157,127
3458,202,127
3459,286,127
3460,333,127
3461,354,127
3462,366,127
3463,382,127
3464,388,127
3465,411,127
3466,459,127
3467,553,127
3468,573,127
3469,613,127
3470,617,127
3471,641,127
3472,710,127
3473,727,127
3474,749,127
3475,763,127
3476,771,127
3477,791,127
3478,819,127
3479,839,127
3480,846,127
3481,911,127
3482,953,127
3483,970,127
3484,26,128
3485,82,128
3486,119,128
3487,168,128
3488,212,128
3489,238,128
3490,299,128
3491,312,128
3492,326,128
3493,336,128
3494,345,128
3495,407,128
3496,462,128
3497,485,128
3498,516,128
3499,564,128
3500,614,128
3501,650,128
3502,665,128
3503,671,128
3504,693,128
3505,696,128
3506,759,128
3507,774,128
3508,814,128
3509,899,128
3510,912,128
3511,944,128
3512,949,128
3513,965,128
3514,56,129
3515,89,129
3516,101,129
3517,166,129
3518,202,129
3519,230,129
3520,247,129
3521,249,129
3522,348,129
3523,367,129
3524,391,129
3525,418,129
3526,431,129
3527,452,129
3528,471,129
3529,520,129
3530,597,129
3531,602,129
3532,640,129
3533,669,129
3534,684,129
3535,705,129
3536,805,129
3537,826,129
3538,834,129
3539,857,129
3540,910,129
3541,920,129
3542,938,129
3543,962,129
3544,9,130
3545,26,130
3546,37,130
3547,43,130
3548,49,130
3549,57,130
3550,107,130
3551,112,130
3552,208,130
3553,326,130
3554,375,130
3555,416,130
3556,431,130
3557,452,130
3558,453,130
3559,478,130
3560,507,130
3561,525,130
3562,549,130
3563,592,130
3564,702,130
3565,725,130
3566,764,130
3567,809,130
3568,869,130
3569,930,130
3570,981,130
3571,48,131
3572,66,131
3573,94,131
3574,120,131
3575,147,131
3576,206,131
3577,320,131
3578,383,131
3579,432,131
3580,436,131
3581,450,131
3582,479,131
3583,494,131
3584,515,131
3585,539,131
3586,590,131
3587,647,131
3588,693,131
3589,713,131
3590,770,131
3591,798,131
3592,809,131
3593,875,131
3594,881,131
3595,921,131
3596,81,132
3597,82,132
3598,133,132
3599,156,132
3600,162,132
3601,311,132
3602,345,132
3603,377,132
3604,410,132
3605,538,132
3606,562,132
3607,586,132
3608,626,132
3609,637,132
3610,698,132
3611,756,132
3612,806,132
3613,897,132
3614,899,132
3615,904,132
3616,930,132
3617,987,132
3618,7,133
3619,51,133
3620,133,133
3621,172,133
3622,210,133
3623,270,133
3624,280,133
3625,286,133
3626,338,133
3627,342,133
3628,351,133
3629,368,133
3630,385,133
3631,390,133
3632,397,133
3633,410,133
3634,452,133
3635,463,133
3636,514,133
3637,588,133
3638,594,133
3639,635,133
3640,652,133
3641,727,133
3642,806,133
3643,868,133
3644,882,133
3645,894,133
3646,933,133
3647,952,133
3648,132,134
3649,145,134
3650,161,134
3651,219,134
3652,243,134
3653,250,134
3654,278,134
3655,341,134
3656,386,134
3657,413,134
3658,558,134
3659,588,134
3660,624,134
3661,655,134
3662,683,134
3663,690,134
3664,861,134
3665,896,134
3666,897,134
3667,915,134
3668,927,134
3669,936,134
3670,35,135
3671,41,135
3672,65,135
3673,88,135
3674,170,135
3675,269,135
3676,320,135
3677,353,135
3678,357,135
3679,364,135
3680,455,135
3681,458,135
3682,484,135
3683,541,135
3684,553,135
3685,616,135
3686,628,135
3687,719,135
3688,814,135
3689,905,135
3690,20,136
3691,25,136
3692,33,136
3693,56,136
3694,61,136
3695,193,136
3696,214,136
3697,229,136
3698,243,136
3699,256,136
3700,262,136
3701,271,136
3702,288,136
3703,300,136
3704,364,136
3705,401,136
3706,414,136
3707,420,136
3708,474,136
3709,485,136
3710,542,136
3711,552,136
3712,620,136
3713,649,136
3714,686,136
3715,781,136
3716,806,136
3717,808,136
3718,818,136
3719,842,136
3720,933,136
3721,993,136
3722,6,137
3723,14,137
3724,56,137
3725,96,137
3726,160,137
3727,224,137
3728,249,137
3729,254,137
3730,263,137
3731,268,137
3732,304,137
3733,390,137
3734,410,137
3735,433,137
3736,446,137
3737,489,137
3738,530,137
3739,564,137
3740,603,137
3741,610,137
3742,688,137
3743,703,137
3744,745,137
3745,758,137
3746,832,137
3747,841,137
3748,917,137
3749,8,138
3750,52,138
3751,61,138
3752,125,138
3753,157,138
3754,214,138
3755,258,138
3756,376,138
3757,403,138
3758,446,138
3759,453,138
3760,508,138
3761,553,138
3762,561,138
3763,583,138
3764,627,138
3765,639,138
3766,695,138
3767,747,138
3768,879,138
3769,885,138
3770,923,138
3771,970,138
3772,989,138
3773,20,139
3774,35,139
3775,57,139
3776,74,139
3777,90,139
3778,107,139
3779,155,139
3780,170,139
3781,181,139
3782,200,139
3783,229,139
3784,233,139
3785,261,139
3786,262,139
3787,266,139
3788,282,139
3789,284,139
3790,373,139
3791,447,139
3792,489,139
3793,529,139
3794,540,139
3795,570,139
3796,602,139
3797,605,139
3798,636,139
3799,691,139
3800,706,139
3801,719,139
3802,744,139
3803,746,139
3804,862,139
3805,892,139
3806,27,140
3807,77,140
3808,112,140
3809,135,140
3810,185,140
3811,258,140
3812,370,140
3813,373,140
3814,498,140
3815,509,140
3816,576,140
3817,587,140
3818,599,140
3819,608,140
3820,647,140
3821,665,140
3822,670,140
3823,693,140
3824,702,140
3825,729,140
3826,730,140
3827,731,140
3828,736,140
3829,742,140
3830,778,140
3831,820,140
3832,830,140
3833,835,140
3834,857,140
3835,923,140
3836,934,140
3837,999,140
3838,43,141
3839,67,141
3840,188,141
3841,191,141
3842,207,141
3843,223,141
3844,341,141
3845,358,141
3846,380,141
3847,395,141
3848,467,141
3849,491,141
3850,589,141
3851,607,141
3852,673,141
3853,740,141
3854,752,141
3855,768,141
3856,772,141
3857,787,141
3858,821,141
3859,829,141
3860,840,141
3861,849,141
3862,862,141
3863,863,141
3864,909,141
3865,992,141
3866,10,142
3867,18,142
3868,107,142
3869,139,142
3870,186,142
3871,199,142
3872,248,142
3873,328,142
3874,350,142
3875,371,142
3876,470,142
3877,481,142
3878,494,142
3879,501,142
3880,504,142
3881,540,142
3882,554,142
3883,575,142
3884,608,142
3885,710,142
3886,712,142
3887,735,142
3888,759,142
3889,794,142
3890,842,142
3891,859,142
3892,863,142
3893,875,142
3894,906,142
3895,914,142
3896,999,142
3897,47,143
3898,79,143
3899,141,143
3900,175,143
3901,232,143
3902,239,143
3903,316,143
3904,339,143
3905,361,143
3906,386,143
3907,404,143
3908,457,143
3909,485,143
3910,497,143
3911,560,143
3912,576,143
3913,603,143
3914,613,143
3915,659,143
3916,660,143
3917,680,143
3918,687,143
3919,690,143
3920,706,143
3921,792,143
3922,821,143
3923,830,143
3924,872,143
3925,878,143
3926,906,143
3927,958,143
3928,18,144
3929,67,144
3930,79,144
3931,90,144
3932,99,144
3933,105,144
3934,123,144
3935,125,144
3936,127,144
3937,130,144
3938,135,144
3939,164,144
3940,184,144
3941,216,144
3942,228,144
3943,260,144
3944,272,144
3945,291,144
3946,293,144
3947,312,144
3948,393,144
3949,396,144
3950,473,144
3951,504,144
3952,540,144
3953,599,144
3954,668,144
3955,702,144
3956,753,144
3957,762,144
3958,776,144
3959,785,144
3960,845,144
3961,894,144
3962,953,144
3963,39,145
3964,109,145
3965,120,145
3966,154,145
3967,155,145
3968,243,145
3969,293,145
3970,402,145
3971,409,145
3972,457,145
3973,475,145
3974,487,145
3975,494,145
3976,527,145
3977,592,145
3978,625,145
3979,629,145
3980,641,145
3981,661,145
3982,664,145
3983,692,145
3984,713,145
3985,726,145
3986,748,145
3987,822,145
3988,893,145
3989,923,145
3990,953,145
3991,12,146
3992,16,146
3993,33,146
3994,117,146
3995,177,146
3996,191,146
3997,197,146
3998,207,146
3999,218,146
4000,278,146
4001,296,146
4002,314,146
4003,320,146
4004,372,146
4005,384,146
4006,402,146
4007,410,146
4008,427,146
4009,429,146
4010,512,146
4011,514,146
4012,571,146
4013,591,146
4014,720,146
4015,731,146
4016,734,146
4017,871,146
4018,909,146
4019,922,146
4020,945,146
4021,955,146
4022,966,146
4023,969,146
4024,4,147
4025,85,147
4026,131,147
4027,139,147
4028,145,147
4029,178,147
4030,251,147
4031,254,147
4032,295,147
4033,298,147
4034,305,147
4035,310,147
4036,318,147
4037,333,147
4038,341,147
4039,351,147
4040,394,147
4041,402,147
4042,405,147
4043,410,147
4044,431,147
4045,443,147
4046,508,147
4047,554,147
4048,563,147
4049,649,147
4050,688,147
4051,708,147
4052,864,147
4053,957,147
4054,987,147
4055,27,148
4056,57,148
4057,133,148
4058,149,148
4059,226,148
4060,342,148
4061,368,148
4062,422,148
4063,468,148
4064,633,148
4065,718,148
4066,768,148
4067,772,148
4068,792,148
4069,53,149
4070,72,149
4071,95,149
4072,118,149
4073,139,149
4074,146,149
4075,153,149
4076,159,149
4077,169,149
4078,178,149
4079,188,149
4080,193,149
4081,339,149
4082,354,149
4083,362,149
4084,365,149
4085,458,149
4086,631,149
4087,670,149
4088,685,149
4089,761,149
4090,782,149
4091,810,149
4092,811,149
4093,899,149
4094,905,149
4095,913,149
4096,921,149
4097,947,149
4098,949,149
4099,992,149
4100,23,150
4101,63,150
4102,75,150
4103,94,150
4104,105,150
4105,168,150
4106,190,150
4107,206,150
4108,233,150
4109,270,150
4110,285,150
4111,306,150
4112,386,150
4113,433,150
4114,446,150
4115,447,150
4116,468,150
4117,508,150
4118,542,150
4119,551,150
4120,629,150
4121,647,150
4122,672,150
4123,697,150
4124,728,150
4125,777,150
4126,854,150
4127,873,150
4128,880,150
4129,887,150
4130,889,150
4131,892,150
4132,953,150
4133,962,150
4134,131,151
4135,144,151
4136,167,151
4137,170,151
4138,217,151
4139,232,151
4140,342,151
4141,367,151
4142,370,151
4143,382,151
4144,451,151
4145,463,151
4146,482,151
4147,501,151
4148,527,151
4149,539,151
4150,570,151
4151,574,151
4152,634,151
4153,658,151
4154,665,151
4155,703,151
4156,880,151
4157,892,151
4158,895,151
4159,989,151
4160,59,152
4161,153,152
4162,217,152
4163,248,152
4164,318,152
4165,332,152
4166,475,152
4167,476,152
4168,578,152
4169,607,152
4170,611,152
4171,615,152
4172,674,152
4173,680,152
4174,729,152
4175,768,152
4176,821,152
4177,846,152
4178,891,152
4179,898,152
4180,927,152
4181,964,152
4182,968,152
4183,47,153
4184,64,153
4185,136,153
4186,180,153
4187,203,153
4188,231,153
4189,444,153
4190,476,153
4191,480,153
4192,486,153
4193,536,153
4194,627,153
4195,732,153
4196,756,153
4197,766,153
4198,817,153
4199,847,153
4200,919,153
4201,938,153
4202,988,153
4203,27,154
4204,111,154
4205,141,154
4206,158,154
4207,169,154
4208,170,154
4209,193,154
4210,208,154
4211,274,154
4212,276,154
4213,282,154
4214,299,154
4215,314,154
4216,396,154
4217,399,154
4218,421,154
4219,440,154
4220,467,154
4221,474,154
4222,489,154
4223,588,154
4224,602,154
4225,680,154
4226,698,154
4227,802,154
4228,842,154
4229,954,154
4230,988,154
4231,20,155
4232,67,155
4233,128,155
4234,153,155
4235,220,155
4236,249,155
4237,303,155
4238,312,155
4239,359,155
4240,361,155
4241,383,155
4242,387,155
4243,407,155
4244,427,155
4245,459,155
4246,513,155
4247,584,155
4248,590,155
4249,630,155
4250,688,155
4251,757,155
4252,768,155
4253,785,155
4254,849,155
4255,885,155
4256,890,155
4257,941,155
4258,966,155
4259,987,155
4260,997,155
4261,1000,155
4262,53,156
4263,155,156
4264,198,156
4265,244,156
4266,262,156
4267,263,156
4268,285,156
4269,297,156
4270,301,156
4271,349,156
4272,379,156
4273,448,156
4274,462,156
4275,467,156
4276,504,156
4277,518,156
4278,593,156
4279,646,156
4280,705,156
4281,754,156
4282,775,156
4283,844,156
4284,10,157
4285,24,157
4286,34,157
4287,122,157
4288,159,157
4289,183,157
4290,210,157
4291,217,157
4292,291,157
4293,303,157
4294,321,157
4295,326,157
4296,353,157
4297,400,157
4298,406,157
4299,431,157
4300,496,157
4301,535,157
4302,573,157
4303,574,157
4304,604,157
4305,616,157
4306,642,157
4307,661,157
4308,696,157
4309,713,157
4310,802,157
4311,835,157
4312,874,157
4313,913,157
4314,967,157
4315,973,157
4316,32,158
4317,47,158
4318,64,158
4319,66,158
4320,102,158
4321,121,158
4322,177,158
4323,178,158
4324,188,158
4325,215,158
4326,241,158
4327,293,158
4328,437,158
4329,473,158
4330,483,158
4331,532,158
4332,555,158
4333,581,158
4334,601,158
4335,616,158
4336,626,158
4337,637,158
4338,799,158
4339,812,158
4340,824,158
4341,830,158
4342,840,158
4343,869,158
4344,879,158
4345,880,158
4346,894,158
4347,896,158
4348,967,158
4349,968,158
4350,990,158
4351,20,159
4352,82,159
4353,127,159
4354,187,159
4355,206,159
4356,208,159
4357,223,159
4358,248,159
4359,342,159
4360,343,159
4361,344,159
4362,364,159
4363,418,159
4364,549,159
4365,561,159
4366,600,159
4367,674,159
4368,680,159
4369,784,159
4370,789,159
4371,800,159
4372,802,159
4373,818,159
4374,876,159
4375,907,159
4376,978,159
4377,2,160
4378,17,160
4379,43,160
4380,242,160
4381,267,160
4382,275,160
4383,368,160
4384,455,160
4385,469,160
4386,484,160
4387,579,160
4388,660,160
4389,755,160
4390,767,160
4391,769,160
4392,794,160
4393,826,160
4394,883,160
4395,950,160
4396,954,160
4397,43,161
4398,58,161
4399,89,161
4400,90,161
4401,120,161
4402,188,161
4403,247,161
4404,269,161
4405,281,161
4406,340,161
4407,353,161
4408,401,161
4409,414,161
4410,425,161
4411,469,161
4412,526,161
4413,588,161
4414,644,161
4415,653,161
4416,655,161
4417,669,161
4418,684,161
4419,714,161
4420,749,161
4421,807,161
4422,825,161
4423,850,161
4424,880,161
4425,920,161
4426,921,161
4427,924,161
4428,927,161
4429,1,162
4430,4,162
4431,7,162
4432,18,162
4433,28,162
4434,32,162
4435,33,162
4436,41,162
4437,85,162
4438,121,162
4439,164,162
4440,274,162
4441,279,162
4442,409,162
4443,410,162
4444,415,162
4445,500,162
4446,574,162
4447,612,162
4448,636,162
4449,659,162
4450,786,162
4451,844,162
4452,909,162
4453,968,162
4454,30,163
4455,45,163
4456,166,163
4457,180,163
4458,239,163
4459,283,163
4460,303,163
4461,304,163
4462,307,163
4463,394,163
4464,409,163
4465,434,163
4466,444,163
4467,522,163
4468,719,163
4469,785,163
4470,833,163
4471,881,163
4472,891,163
4473,947,163
4474,996,163
4475,15,164
4476,23,164
4477,148,164
4478,169,164
4479,252,164
4480,324,164
4481,347,164
4482,367,164
4483,431,164
4484,448,164
4485,469,164
4486,545,164
4487,610,164
4488,613,164
4489,673,164
4490,681,164
4491,698,164
4492,801,164
4493,820,164
4494,832,164
4495,834,164
4496,851,164
4497,884,164
4498,908,164
4499,957,164
4500,984,164
4501,72,165
4502,95,165
4503,146,165
4504,204,165
4505,253,165
4506,286,165
4507,360,165
4508,375,165
4509,395,165
4510,421,165
4511,437,165
4512,473,165
4513,607,165
4514,644,165
4515,659,165
4516,693,165
4517,737,165
4518,779,165
4519,798,165
4520,807,165
4521,809,165
4522,832,165
4523,833,165
4524,947,165
4525,948,165
4526,962,165
4527,25,166
4528,38,166
4529,55,166
4530,61,166
4531,68,166
4532,86,166
4533,146,166
4534,255,166
4535,297,166
4536,306,166
4537,326,166
4538,361,166
4539,366,166
4540,426,166
4541,580,166
4542,622,166
4543,674,166
4544,714,166
4545,788,166
4546,867,166
4547,944,166
4548,1000,166
4549,17,167
4550,25,167
4551,63,167
4552,72,167
4553,107,167
4554,120,167
4555,191,167
4556,294,167
4557,319,167
4558,339,167
4559,341,167
4560,496,167
4561,554,167
4562,626,167
4563,628,167
4564,672,167
4565,692,167
4566,717,167
4567,734,167
4568,794,167
4569,800,167
4570,802,167
4571,856,167
4572,864,167
4573,882,167
4574,923,167
4575,32,168
4576,56,168
4577,92,168
4578,115,168
4579,188,168
4580,196,168
4581,208,168
4582,237,168
4583,241,168
4584,255,168
4585,305,168
4586,336,168
4587,387,168
4588,433,168
4589,438,168
4590,519,168
4591,602,168
4592,619,168
4593,626,168
4594,652,168
4595,678,168
4596,685,168
4597,804,168
4598,807,168
4599,826,168
4600,841,168
4601,886,168
4602,889,168
4603,892,168
4604,927,168
4605,959,168
4606,6,169
4607,78,169
4608,93,169
4609,246,169
4610,248,169
4611,289,169
4612,301,169
4613,326,169
4614,349,169
4615,372,169
4616,398,169
4617,434,169
4618,505,169
4619,564,169
4620,571,169
4621,634,169
4622,642,169
4623,673,169
4624,694,169
4625,727,169
4626,778,169
4627,815,169
4628,847,169
4629,849,169
4630,894,169
4631,897,169
4632,954,169
4633,992,169
4634,998,169
4635,7,170
4636,15,170
4637,27,170
4638,33,170
4639,102,170
4640,139,170
4641,180,170
4642,184,170
4643,212,170
4644,299,170
4645,322,170
4646,358,170
4647,416,170
4648,508,170
4649,537,170
4650,705,170
4651,758,170
4652,764,170
4653,868,170
4654,877,170
4655,886,170
4656,925,170
4657,993,170
4658,996,170
4659,49,171
4660,146,171
4661,166,171
4662,181,171
4663,219,171
4664,273,171
4665,296,171
4666,318,171
4667,342,171
4668,397,171
4669,447,171
4670,450,171
4671,466,171
4672,549,171
4673,560,171
4674,566,171
4675,608,171
4676,625,171
4677,645,171
4678,701,171
4679,761,171
4680,779,171
4681,849,171
4682,872,171
4683,892,171
4684,898,171
4685,903,171
4686,953,171
4687,57,172
4688,100,172
4689,148,172
4690,215,172
4691,302,172
4692,345,172
4693,368,172
4694,385,172
4695,423,172
4696,487,172
4697,493,172
4698,529,172
4699,538,172
4700,567,172
4701,609,172
4702,639,172
4703,649,172
4704,661,172
4705,667,172
4706,710,172
4707,744,172
4708,758,172
4709,771,172
4710,833,172
4711,959,172
4712,49,173
4713,55,173
4714,74,173
4715,80,173
4716,106,173
4717,154,173
4718,162,173
4719,188,173
4720,235,173
4721,313,173
4722,379,173
4723,405,173
4724,491,173
4725,496,173
4726,529,173
4727,550,173
4728,564,173
4729,571,173
4730,592,173
4731,688,173
4732,753,173
4733,757,173
4734,852,173
4735,857,173
4736,921,173
4737,928,173
4738,933,173
4739,11,174
4740,61,174
4741,168,174
4742,298,174
4743,352,174
4744,442,174
4745,451,174
4746,496,174
4747,610,174
4748,618,174
4749,622,174
4750,659,174
4751,677,174
4752,705,174
4753,722,174
4754,780,174
4755,797,174
4756,809,174
4757,827,174
4758,830,174
4759,852,174
4760,853,174
4761,879,174
4762,982,174
4763,9,175
4764,29,175
4765,67,175
4766,129,175
4767,155,175
4768,190,175
4769,191,175
4770,362,175
4771,405,175
4772,424,175
4773,439,175
4774,442,175
4775,483,175
4776,591,175
4777,596,175
4778,616,175
4779,719,175
4780,729,175
4781,772,175
4782,778,175
4783,828,175
4784,842,175
4785,890,175
4786,908,175
4787,977,175
4788,978,175
4789,998,175
4790,13,176
4791,73,176
4792,89,176
4793,150,176
4794,162,176
4795,238,176
4796,252,176
4797,303,176
4798,320,176
4799,401,176
4800,417,176
4801,441,176
4802,458,176
4803,461,176
4804,517,176
4805,521,176
4806,543,176
4807,573,176
4808,699,176
4809,726,176
4810,740,176
4811,746,176
4812,758,176
4813,802,176
4814,827,176
4815,839,176
4816,859,176
4817,872,176
4818,946,176
4819,12,177
4820,39,177
4821,52,177
4822,55,177
4823,86,177
4824,175,177
4825,188,177
4826,235,177
4827,237,177
4828,289,177
4829,363,177
4830,401,177
4831,433,177
4832,458,177
4833,522,177
4834,543,177
4835,563,177
4836,649,177
4837,683,177
4838,684,177
4839,726,177
4840,751,177
4841,763,177
4842,764,177
4843,827,177
4844,910,177
4845,956,177
4846,30,178
4847,34,178
4848,109,178
4849,146,178
4850,160,178
4851,164,178
4852,194,178
4853,197,178
4854,273,178
4855,311,178
4856,397,178
4857,483,178
4858,517,178
4859,537,178
4860,587,178
4861,708,178
4862,733,178
4863,744,178
4864,762,178
4865,930,178
4866,974,178
4867,983,178
4868,1000,178
4869,24,179
4870,27,179
4871,65,179
4872,85,179
4873,109,179
4874,131,179
4875,159,179
4876,193,179
4877,250,179
4878,291,179
4879,353,179
4880,415,179
4881,463,179
4882,468,179
4883,489,179
4884,566,179
4885,588,179
4886,650,179
4887,698,179
4888,732,179
4889,737,179
4890,769,179
4891,811,179
4892,817,179
4893,852,179
4894,924,179
4895,931,179
4896,960,179
4897,976,179
4898,12,180
4899,33,180
4900,144,180
4901,195,180
4902,258,180
4903,441,180
4904,506,180
4905,561,180
4906,609,180
4907,622,180
4908,628,180
4909,657,180
4910,724,180
4911,729,180
4912,732,180
4913,777,180
4914,809,180
4915,811,180
4916,820,180
4917,824,180
4918,847,180
4919,869,180
4920,874,180
4921,955,180
4922,963,180
4923,5,181
4924,40,181
4925,74,181
4926,78,181
4927,83,181
4928,152,181
4929,195,181
4930,233,181
4931,286,181
4932,301,181
4933,311,181
4934,381,181
4935,387,181
4936,403,181
4937,409,181
4938,420,181
4939,437,181
4940,456,181
4941,507,181
4942,522,181
4943,539,181
4944,542,181
4945,546,181
4946,579,181
4947,596,181
4948,604,181
4949,609,181
4950,625,181
4951,744,181
4952,816,181
4953,836,181
4954,868,181
4955,870,181
4956,874,181
4957,892,181
4958,907,181
4959,911,181
4960,921,181
4961,991,181
4962,33,182
4963,160,182
4964,301,182
4965,324,182
4966,346,182
4967,362,182
4968,391,182
4969,413,182
4970,421,182
4971,437,182
4972,590,182
4973,639,182
4974,668,182
4975,677,182
4976,679,182
4977,695,182
4978,714,182
4979,720,182
4980,819,182
4981,828,182
4982,845,182
4983,864,182
4984,940,182
4985,990,182
4986,32,183
4987,40,183
4988,71,183
4989,113,183
4990,313,183
4991,388,183
4992,389,183
4993,390,183
4994,495,183
4995,520,183
4996,576,183
4997,636,183
4998,715,183
4999,850,183
5000,862,183
5001,914,183
5002,941,183
5003,949,183
5004,983,183
5005,35,184
5006,87,184
5007,146,184
5008,169,184
5009,221,184
5010,336,184
5011,371,184
5012,452,184
5013,486,184
5014,492,184
5015,500,184
5016,574,184
5017,580,184
5018,597,184
5019,615,184
5020,640,184
5021,642,184
5022,650,184
5023,661,184
5024,684,184
5025,745,184
5026,772,184
5027,787,184
5028,867,184
5029,959,184
5030,966,184
5031,967,184
5032,969,184
5033,985,184
5034,7,185
5035,95,185
5036,138,185
5037,265,185
5038,286,185
5039,360,185
5040,411,185
5041,427,185
5042,437,185
5043,448,185
5044,494,185
5045,510,185
5046,518,185
5047,554,185
5048,560,185
5049,571,185
5050,584,185
5051,631,185
5052,665,185
5053,694,185
5054,730,185
5055,761,185
5056,818,185
5057,845,185
5058,880,185
5059,882,185
5060,919,185
5061,920,185
5062,965,185
5063,973,185
5064,95,186
5065,187,186
5066,208,186
5067,228,186
5068,237,186
5069,422,186
5070,482,186
5071,508,186
5072,552,186
5073,579,186
5074,637,186
5075,648,186
5076,654,186
5077,729,186
5078,983,186
5079,994,186
5080,17,187
5081,25,187
5082,29,187
5083,51,187
5084,73,187
5085,76,187
5086,98,187
5087,110,187
5088,127,187
5089,168,187
5090,222,187
5091,224,187
5092,297,187
5093,354,187
5094,379,187
5095,417,187
5096,435,187
5097,441,187
5098,474,187
5099,499,187
5100,538,187
5101,548,187
5102,561,187
5103,617,187
5104,625,187
5105,664,187
5106,671,187
5107,768,187
5108,779,187
5109,906,187
5110,914,187
5111,923,187
5112,976,187
5113,1,188
5114,10,188
5115,14,188
5116,51,188
5117,102,188
5118,111,188
5119,146,188
5120,206,188
5121,223,188
5122,289,188
5123,311,188
5124,322,188
5125,338,188
5126,396,188
5127,412,188
5128,506,188
5129,517,188
5130,529,188
5131,566,188
5132,593,188
5133,606,188
5134,662,188
5135,770,188
5136,773,188
5137,774,188
5138,815,188
5139,849,188
5140,925,188
5141,988,188
5142,989,188
5143,43,189
5144,82,189
5145,171,189
5146,266,189
5147,272,189
5148,315,189
5149,378,189
5150,492,189
5151,509,189
5152,512,189
5153,519,189
5154,533,189
5155,548,189
5156,560,189
5157,628,189
5158,734,189
5159,748,189
5160,788,189
5161,820,189
5162,853,189
5163,882,189
5164,896,189
5165,899,189
5166,940,189
5167,38,190
5168,54,190
5169,62,190
5170,87,190
5171,173,190
5172,234,190
5173,253,190
5174,278,190
5175,310,190
5176,374,190
5177,411,190
5178,426,190
5179,472,190
5180,549,190
5181,562,190
5182,606,190
5183,623,190
5184,679,190
5185,682,190
5186,693,190
5187,695,190
5188,705,190
5189,708,190
5190,802,190
5191,806,190
5192,874,190
5193,959,190
5194,16,191
5195,39,191
5196,84,191
5197,185,191
5198,219,191
5199,293,191
5200,296,191
5201,378,191
5202,410,191
5203,420,191
5204,461,191
5205,544,191
5206,551,191
5207,596,191
5208,638,191
5209,668,191
5210,692,191
5211,775,191
5212,801,191
5213,819,191
5214,827,191
5215,830,191
5216,834,191
5217,849,191
5218,858,191
5219,914,191
5220,958,191
5221,969,191
5222,971,191
5223,993,191
5224,16,192
5225,69,192
5226,117,192
5227,155,192
5228,166,192
5229,179,192
5230,214,192
5231,361,192
5232,367,192
5233,426,192
5234,465,192
5235,470,192
5236,475,192
5237,485,192
5238,541,192
5239,578,192
5240,592,192
5241,614,192
5242,618,192
5243,622,192
5244,674,192
5245,677,192
5246,680,192
5247,682,192
5248,708,192
5249,711,192
5250,747,192
5251,763,192
5252,819,192
5253,44,193
5254,80,193
5255,103,193
5256,109,193
5257,119,193
5258,141,193
5259,164,193
5260,291,193
5261,352,193
5262,358,193
5263,376,193
5264,412,193
5265,462,193
5266,689,193
5267,709,193
5268,745,193
5269,807,193
5270,828,193
5271,834,193
5272,851,193
5273,937,193
5274,953,193
5275,960,193
5276,9,194
5277,42,194
5278,67,194
5279,86,194
5280,88,194
5281,98,194
5282,135,194
5283,161,194
5284,163,194
5285,215,194
5286,232,194
5287,352,194
5288,415,194
5289,486,194
5290,498,194
5291,531,194
5292,719,194
5293,738,194
5294,786,194
5295,872,194
5296,938,194
5297,940,194
5298,129,195
5299,130,195
5300,141,195
5301,144,195
5302,298,195
5303,359,195
5304,361,195
5305,392,195
5306,403,195
5307,494,195
5308,520,195
5309,534,195
5310,560,195
5311,592,195
5312,649,195
5313,658,195
5314,673,195
5315,677,195
5316,706,195
5317,738,195
5318,769,195
5319,781,195
5320,794,195
5321,813,195
5322,869,195
5323,885,195
5324,962,195
5325,64,196
5326,122,196
5327,156,196
5328,169,196
5329,276,196
5330,284,196
5331,303,196
5332,324,196
5333,423,196
5334,473,196
5335,484,196
5336,515,196
5337,524,196
5338,541,196
5339,560,196
5340,575,196
5341,576,196
5342,587,196
5343,615,196
5344,635,196
5345,684,196
5346,795,196
5347,815,196
5348,833,196
5349,837,196
5350,906,196
5351,908,196
5352,919,196
5353,939,196
5354,972,196
5355,6,197
5356,29,197
5357,63,197
5358,123,197
5359,129,197
5360,147,197
5361,164,197
5362,189,197
5363,243,197
5364,249,197
5365,258,197
5366,364,197
5367,369,197
5368,370,197
5369,418,197
5370,522,197
5371,531,197
5372,554,197
5373,598,197
5374,628,197
5375,691,197
5376,724,197
5377,746,197
5378,752,197
5379,758,197
5380,769,197
5381,815,197
5382,916,197
5383,950,197
5384,967,197
5385,974,197
5386,979,197
5387,995,197
5388,1,198
5389,109,198
5390,125,198
5391,186,198
5392,262,198
5393,264,198
5394,303,198
5395,309,198
5396,311,198
5397,329,198
5398,347,198
5399,379,198
5400,395,198
5401,406,198
5402,450,198
5403,464,198
5404,482,198
5405,499,198
5406,536,198
5407,541,198
5408,545,198
5409,555,198
5410,568,198
5411,570,198
5412,588,198
5413,597,198
5414,628,198
5415,745,198
5416,758,198
5417,796,198
5418,806,198
5419,817,198
5420,843,198
5421,858,198
5422,871,198
5423,886,198
5424,892,198
5425,924,198
5426,952,198
5427,997,198
5428,67,199
5429,84,199
5430,145,199
5431,159,199
5432,216,199
5433,432,199
5434,541,199
5435,604,199
5436,640,199
5437,689,199
5438,730,199
5439,784,199
5440,785,199
5441,886,199
5442,953,199
5443,5,200
5444,49,200
5445,80,200
5446,116,200
5447,121,200
5448,149,200
5449,346,200
5450,419,200
5451,462,200
5452,465,200
5453,474,200
5454,537,200
5455,538,200
5456,544,200
5457,714,200
5458,879,200
5459,912,200
5460,945,200
5461,958,200
5462,993,200
