inventory_fact_key,inventory_id,film_key,store_key,inventory_count,available_flag
1,1,1,1,1,1
2,2,1,1,1,1
3,3,1,1,1,1
4,4,1,1,1,1
5,5,1,2,1,1
6,6,1,2,1,1
7,7,1,2,1,1
8,8,1,2,1,1
9,9,2,2,1,1
10,10,2,2,1,1
11,11,2,2,1,1
12,12,3,2,1,1
13,13,3,2,1,1
14,14,3,2,1,1
15,15,3,2,1,1
16,16,4,1,1,1
17,17,4,1,1,1
18,18,4,1,1,1
19,19,4,1,1,1
20,20,4,2,1,1
21,21,4,2,1,1
22,22,4,2,1,1
23,23,5,2,1,1
24,24,5,2,1,1
25,25,5,2,1,1
26,26,6,1,1,1
27,27,6,1,1,1
28,28,6,1,1,1
29,29,6,2,1,1
30,30,6,2,1,1
31,31,6,2,1,1
32,32,7,1,1,1
33,33,7,1,1,1
34,34,7,2,1,1
35,35,7,2,1,1
36,36,7,2,1,1
37,37,8,2,1,1
38,38,8,2,1,1
39,39,8,2,1,1
40,40,8,2,1,1
41,41,9,1,1,1
42,42,9,1,1,1
43,43,9,1,1,1
44,44,9,2,1,1
45,45,9,2,1,1
46,46,10,1,1,1
47,47,10,1,1,1
48,48,10,1,1,1
49,49,10,1,1,1
50,50,10,2,1,1
51,51,10,2,1,1
52,52,10,2,1,1
53,53,11,1,1,1
54,54,11,1,1,1
55,55,11,1,1,1
56,56,11,1,1,1
57,57,11,2,1,1
58,58,11,2,1,1
59,59,11,2,1,1
60,60,12,1,1,1
61,61,12,1,1,1
62,62,12,1,1,1
63,63,12,2,1,1
64,64,12,2,1,1
65,65,12,2,1,1
66,66,12,2,1,1
67,67,13,2,1,1
68,68,13,2,1,1
69,69,13,2,1,1
70,70,13,2,1,1
71,71,15,1,1,1
72,72,15,1,1,1
73,73,15,2,1,1
74,74,15,2,1,1
75,75,15,2,1,1
76,76,15,2,1,1
77,77,16,1,1,1
78,78,16,1,1,1
79,79,16,2,1,1
80,80,16,2,1,1
81,81,17,1,1,1
82,82,17,1,1,1
83,83,17,1,1,1
84,84,17,2,1,1
85,85,17,2,1,1
86,86,17,2,1,1
87,87,18,1,1,1
88,88,18,1,1,1
89,89,18,1,1,1
90,90,18,2,1,1
91,91,18,2,1,1
92,92,18,2,1,1
93,93,19,1,1,1
94,94,19,1,1,1
95,95,19,1,1,1
96,96,19,1,1,1
97,97,19,2,1,1
98,98,19,2,1,1
99,99,20,1,1,1
100,100,20,1,1,1
101,101,20,1,1,1
102,102,21,1,1,1
103,103,21,1,1,1
104,104,21,2,1,1
105,105,21,2,1,1
106,106,21,2,1,1
107,107,21,2,1,1
108,108,22,1,1,1
109,109,22,1,1,1
110,110,22,1,1,1
111,111,22,1,1,1
112,112,22,2,1,1
113,113,22,2,1,1
114,114,22,2,1,1
115,115,23,1,1,1
116,116,23,1,1,1
117,117,23,1,1,1
118,118,23,2,1,1
119,119,23,2,1,1
120,120,24,1,1,1
121,121,24,1,1,1
122,122,24,1,1,1
123,123,24,1,1,1
124,124,25,1,1,1
125,125,25,1,1,1
126,126,25,1,1,1
127,127,25,1,1,1
128,128,25,2,1,1
129,129,25,2,1,1
130,130,26,1,1,1
131,131,26,1,1,1
132,132,26,2,1,1
133,133,26,2,1,1
134,134,26,2,1,1
135,135,27,1,1,1
136,136,27,1,1,1
137,137,27,1,1,1
138,138,27,1,1,1
139,139,28,1,1,1
140,140,28,1,1,1
141,141,28,1,1,1
142,142,29,1,1,1
143,143,29,1,1,1
144,144,30,1,1,1
145,145,30,1,1,1
146,146,31,1,1,1
147,147,31,1,1,1
148,148,31,1,1,1
149,149,31,1,1,1
150,150,31,2,1,1
151,151,31,2,1,1
152,152,31,2,1,1
153,153,31,2,1,1
154,154,32,2,1,1
155,155,32,2,1,1
156,156,34,2,1,1
157,157,34,2,1,1
158,158,34,2,1,1
159,159,34,2,1,1
160,160,35,1,1,1
161,161,35,1,1,1
162,162,35,1,1,1
163,163,35,1,1,1
164,164,35,2,1,1
165,165,35,2,1,1
166,166,35,2,1,1
167,167,37,1,1,1
168,168,37,1,1,1
169,169,37,1,1,1
170,170,37,1,1,1
171,171,37,2,1,1
172,172,37,2,1,1
173,173,37,2,1,1
174,174,39,1,1,1
175,175,39,1,1,1
176,176,39,1,1,1
177,177,39,2,1,1
178,178,39,2,1,1
179,179,39,2,1,1
180,180,39,2,1,1
181,181,40,2,1,1
182,182,40,2,1,1
183,183,40,2,1,1
184,184,40,2,1,1
185,185,42,2,1,1
186,186,42,2,1,1
187,187,42,2,1,1
188,188,42,2,1,1
189,189,43,1,1,1
190,190,43,1,1,1
191,191,43,1,1,1
192,192,43,2,1,1
193,193,43,2,1,1
194,194,43,2,1,1
195,195,43,2,1,1
196,196,44,1,1,1
197,197,44,1,1,1
198,198,44,2,1,1
199,199,44,2,1,1
200,200,44,2,1,1
201,201,45,1,1,1
202,202,45,1,1,1
203,203,45,1,1,1
204,204,45,1,1,1
205,205,45,2,1,1
206,206,45,2,1,1
207,207,46,2,1,1
208,208,46,2,1,1
209,209,46,2,1,1
210,210,47,2,1,1
211,211,47,2,1,1
212,212,48,1,1,1
213,213,48,1,1,1
214,214,48,2,1,1
215,215,48,2,1,1
216,216,49,1,1,1
217,217,49,1,1,1
218,218,49,1,1,1
219,219,49,2,1,1
220,220,49,2,1,1
221,221,49,2,1,1
222,222,50,1,1,1
223,223,50,1,1,1
224,224,50,1,1,1
225,225,50,2,1,1
226,226,50,2,1,1
227,227,51,1,1,1
228,228,51,1,1,1
229,229,51,2,1,1
230,230,51,2,1,1
231,231,51,2,1,1
232,232,51,2,1,1
233,233,52,2,1,1
234,234,52,2,1,1
235,235,53,1,1,1
236,236,53,1,1,1
237,237,54,1,1,1
238,238,54,1,1,1
239,239,54,1,1,1
240,240,54,2,1,1
241,241,54,2,1,1
242,242,55,1,1,1
243,243,55,1,1,1
244,244,55,1,1,1
245,245,55,1,1,1
246,246,55,2,1,1
247,247,55,2,1,1
248,248,56,1,1,1
249,249,56,1,1,1
250,250,56,1,1,1
251,251,56,2,1,1
252,252,56,2,1,1
253,253,57,1,1,1
254,254,57,1,1,1
255,255,57,1,1,1
256,256,57,1,1,1
257,257,57,2,1,1
258,258,57,2,1,1
259,259,57,2,1,1
260,260,58,2,1,1
261,261,58,2,1,1
262,262,58,2,1,1
263,263,58,2,1,1
264,264,59,1,1,1
265,265,59,1,1,1
266,266,59,1,1,1
267,267,59,2,1,1
268,268,59,2,1,1
269,269,60,1,1,1
270,270,60,1,1,1
271,271,60,1,1,1
272,272,61,1,1,1
273,273,61,1,1,1
274,274,61,1,1,1
275,275,61,1,1,1
276,276,61,2,1,1
277,277,61,2,1,1
278,278,62,2,1,1
279,279,62,2,1,1
280,280,63,1,1,1
281,281,63,1,1,1
282,282,63,2,1,1
283,283,63,2,1,1
284,284,64,2,1,1
285,285,64,2,1,1
286,286,64,2,1,1
287,287,65,2,1,1
288,288,65,2,1,1
289,289,65,2,1,1
290,290,65,2,1,1
291,291,66,1,1,1
292,292,66,1,1,1
293,293,66,1,1,1
294,294,67,1,1,1
295,295,67,1,1,1
296,296,67,2,1,1
297,297,67,2,1,1
298,298,67,2,1,1
299,299,67,2,1,1
300,300,68,1,1,1
301,301,68,1,1,1
302,302,68,2,1,1
303,303,68,2,1,1
304,304,69,1,1,1
305,305,69,1,1,1
306,306,69,1,1,1
307,307,69,1,1,1
308,308,69,2,1,1
309,309,69,2,1,1
310,310,69,2,1,1
311,311,69,2,1,1
312,312,70,1,1,1
313,313,70,1,1,1
314,314,70,2,1,1
315,315,70,2,1,1
316,316,71,2,1,1
317,317,71,2,1,1
318,318,71,2,1,1
319,319,71,2,1,1
320,320,72,1,1,1
321,321,72,1,1,1
322,322,72,1,1,1
323,323,72,1,1,1
324,324,72,2,1,1
325,325,72,2,1,1
326,326,73,1,1,1
327,327,73,1,1,1
328,328,73,1,1,1
329,329,73,1,1,1
330,330,73,2,1,1
331,331,73,2,1,1
332,332,73,2,1,1
333,333,73,2,1,1
334,334,74,1,1,1
335,335,74,1,1,1
336,336,74,1,1,1
337,337,74,2,1,1
338,338,74,2,1,1
339,339,75,2,1,1
340,340,75,2,1,1
341,341,75,2,1,1
342,342,76,1,1,1
343,343,76,1,1,1
344,344,76,1,1,1
345,345,77,1,1,1
346,346,77,1,1,1
347,347,77,1,1,1
348,348,77,1,1,1
349,349,77,2,1,1
350,350,77,2,1,1
351,351,78,1,1,1
352,352,78,1,1,1
353,353,78,1,1,1
354,354,78,2,1,1
355,355,78,2,1,1
356,356,78,2,1,1
357,357,78,2,1,1
358,358,79,1,1,1
359,359,79,1,1,1
360,360,79,1,1,1
361,361,79,2,1,1
362,362,79,2,1,1
363,363,79,2,1,1
364,364,80,1,1,1
365,365,80,1,1,1
366,366,80,1,1,1
367,367,80,1,1,1
368,368,81,1,1,1
369,369,81,1,1,1
370,370,81,1,1,1
371,371,81,1,1,1
372,372,82,1,1,1
373,373,82,1,1,1
374,374,83,1,1,1
375,375,83,1,1,1
376,376,83,1,1,1
377,377,83,2,1,1
378,378,83,2,1,1
379,379,84,1,1,1
380,380,84,1,1,1
381,381,84,1,1,1
382,382,84,1,1,1
383,383,85,2,1,1
384,384,85,2,1,1
385,385,85,2,1,1
386,386,85,2,1,1
387,387,86,1,1,1
388,388,86,1,1,1
389,389,86,1,1,1
390,390,86,1,1,1
391,391,86,2,1,1
392,392,86,2,1,1
393,393,86,2,1,1
394,394,86,2,1,1
395,395,88,2,1,1
396,396,88,2,1,1
397,397,88,2,1,1
398,398,88,2,1,1
399,399,89,1,1,1
400,400,89,1,1,1
401,401,89,1,1,1
402,402,89,2,1,1
403,403,89,2,1,1
404,404,89,2,1,1
405,405,90,1,1,1
406,406,90,1,1,1
407,407,90,1,1,1
408,408,90,2,1,1
409,409,90,2,1,1
410,410,90,2,1,1
411,411,91,1,1,1
412,412,91,1,1,1
413,413,91,1,1,1
414,414,91,1,1,1
415,415,91,2,1,1
416,416,91,2,1,1
417,417,91,2,1,1
418,418,91,2,1,1
419,419,92,1,1,1
420,420,92,1,1,1
421,421,92,2,1,1
422,422,92,2,1,1
423,423,93,2,1,1
424,424,93,2,1,1
425,425,93,2,1,1
426,426,94,1,1,1
427,427,94,1,1,1
428,428,95,1,1,1
429,429,95,1,1,1
430,430,95,2,1,1
431,431,95,2,1,1
432,432,95,2,1,1
433,433,96,1,1,1
434,434,96,1,1,1
435,435,96,1,1,1
436,436,97,1,1,1
437,437,97,1,1,1
438,438,97,1,1,1
439,439,97,1,1,1
440,440,97,2,1,1
441,441,97,2,1,1
442,442,98,1,1,1
443,443,98,1,1,1
444,444,98,1,1,1
445,445,99,1,1,1
446,446,99,1,1,1
447,447,99,1,1,1
448,448,99,2,1,1
449,449,99,2,1,1
450,450,99,2,1,1
451,451,100,1,1,1
452,452,100,1,1,1
453,453,100,1,1,1
454,454,100,1,1,1
455,455,100,2,1,1
456,456,100,2,1,1
457,457,101,1,1,1
458,458,101,1,1,1
459,459,101,1,1,1
460,460,101,1,1,1
461,461,101,2,1,1
462,462,101,2,1,1
463,463,102,2,1,1
464,464,102,2,1,1
465,465,103,1,1,1
466,466,103,1,1,1
467,467,103,1,1,1
468,468,103,1,1,1
469,469,103,2,1,1
470,470,103,2,1,1
471,471,103,2,1,1
472,472,103,2,1,1
473,473,104,2,1,1
474,474,104,2,1,1
475,475,104,2,1,1
476,476,105,1,1,1
477,477,105,1,1,1
478,478,105,2,1,1
479,479,105,2,1,1
480,480,105,2,1,1
481,481,106,1,1,1
482,482,106,1,1,1
483,483,107,2,1,1
484,484,107,2,1,1
485,485,109,1,1,1
486,486,109,1,1,1
487,487,109,1,1,1
488,488,109,1,1,1
489,489,109,2,1,1
490,490,109,2,1,1
491,491,109,2,1,1
492,492,109,2,1,1
493,493,110,1,1,1
494,494,110,1,1,1
495,495,110,1,1,1
496,496,110,1,1,1
497,497,111,2,1,1
498,498,111,2,1,1
499,499,111,2,1,1
500,500,111,2,1,1
501,501,112,1,1,1
502,502,112,1,1,1
503,503,112,1,1,1
504,504,112,1,1,1
505,505,112,2,1,1
506,506,112,2,1,1
507,507,112,2,1,1
508,508,113,2,1,1
509,509,113,2,1,1
510,510,113,2,1,1
511,511,113,2,1,1
512,512,114,1,1,1
513,513,114,1,1,1
514,514,114,1,1,1
515,515,114,1,1,1
516,516,114,2,1,1
517,517,114,2,1,1
518,518,114,2,1,1
519,519,115,1,1,1
520,520,115,1,1,1
521,521,115,1,1,1
522,522,115,2,1,1
523,523,115,2,1,1
524,524,115,2,1,1
525,525,115,2,1,1
526,526,116,1,1,1
527,527,116,1,1,1
528,528,116,2,1,1
529,529,116,2,1,1
530,530,116,2,1,1
531,531,116,2,1,1
532,532,117,1,1,1
533,533,117,1,1,1
534,534,117,1,1,1
535,535,117,1,1,1
536,536,117,2,1,1
537,537,117,2,1,1
538,538,118,1,1,1
539,539,118,1,1,1
540,540,118,1,1,1
541,541,118,1,1,1
542,542,118,2,1,1
543,543,118,2,1,1
544,544,119,1,1,1
545,545,119,1,1,1
546,546,119,1,1,1
547,547,119,2,1,1
548,548,119,2,1,1
549,549,119,2,1,1
550,550,119,2,1,1
551,551,120,1,1,1
552,552,120,1,1,1
553,553,120,1,1,1
554,554,121,1,1,1
555,555,121,1,1,1
556,556,121,1,1,1
557,557,121,2,1,1
558,558,121,2,1,1
559,559,121,2,1,1
560,560,122,1,1,1
561,561,122,1,1,1
562,562,122,1,1,1
563,563,122,1,1,1
564,564,122,2,1,1
565,565,122,2,1,1
566,566,122,2,1,1
567,567,123,1,1,1
568,568,123,1,1,1
569,569,123,2,1,1
570,570,123,2,1,1
571,571,123,2,1,1
572,572,124,2,1,1
573,573,124,2,1,1
574,574,124,2,1,1
575,575,125,2,1,1
576,576,125,2,1,1
577,577,126,2,1,1
578,578,126,2,1,1
579,579,126,2,1,1
580,580,127,1,1,1
581,581,127,1,1,1
582,582,127,1,1,1
583,583,127,1,1,1
584,584,127,2,1,1
585,585,127,2,1,1
586,586,127,2,1,1
587,587,127,2,1,1
588,588,129,1,1,1
589,589,129,1,1,1
590,590,129,1,1,1
591,591,129,2,1,1
592,592,129,2,1,1
593,593,129,2,1,1
594,594,130,1,1,1
595,595,130,1,1,1
596,596,130,2,1,1
597,597,130,2,1,1
598,598,130,2,1,1
599,599,130,2,1,1
600,600,131,1,1,1
601,601,131,1,1,1
602,602,131,1,1,1
603,603,131,1,1,1
604,604,131,2,1,1
605,605,131,2,1,1
606,606,132,1,1,1
607,607,132,1,1,1
608,608,132,1,1,1
609,609,132,1,1,1
610,610,132,2,1,1
611,611,132,2,1,1
612,612,133,1,1,1
613,613,133,1,1,1
614,614,133,2,1,1
615,615,133,2,1,1
616,616,134,2,1,1
617,617,134,2,1,1
618,618,134,2,1,1
619,619,135,1,1,1
620,620,135,1,1,1
621,621,135,1,1,1
622,622,135,2,1,1
623,623,135,2,1,1
624,624,135,2,1,1
625,625,135,2,1,1
626,626,136,1,1,1
627,627,136,1,1,1
628,628,136,1,1,1
629,629,137,2,1,1
630,630,137,2,1,1
631,631,137,2,1,1
632,632,137,2,1,1
633,633,138,1,1,1
634,634,138,1,1,1
635,635,138,2,1,1
636,636,138,2,1,1
637,637,138,2,1,1
638,638,139,1,1,1
639,639,139,1,1,1
640,640,139,1,1,1
641,641,139,1,1,1
642,642,139,2,1,1
643,643,139,2,1,1
644,644,140,1,1,1
645,645,140,1,1,1
646,646,140,2,1,1
647,647,140,2,1,1
648,648,140,2,1,1
649,649,141,1,1,1
650,650,141,1,1,1
651,651,141,1,1,1
652,652,141,2,1,1
653,653,141,2,1,1
654,654,142,1,1,1
655,655,142,1,1,1
656,656,142,1,1,1
657,657,142,2,1,1
658,658,142,2,1,1
659,659,143,1,1,1
660,660,143,1,1,1
661,661,143,1,1,1
662,662,143,1,1,1
663,663,143,2,1,1
664,664,143,2,1,1
665,665,143,2,1,1
666,666,145,2,1,1
667,667,145,2,1,1
668,668,145,2,1,1
669,669,146,1,1,1
670,670,146,1,1,1
671,671,146,1,1,1
672,672,147,1,1,1
673,673,147,1,1,1
674,674,147,1,1,1
675,675,147,2,1,1
676,676,147,2,1,1
677,677,147,2,1,1
678,678,149,1,1,1
679,679,149,1,1,1
680,680,149,1,1,1
681,681,149,2,1,1
682,682,149,2,1,1
683,683,149,2,1,1
684,684,150,1,1,1
685,685,150,1,1,1
686,686,150,2,1,1
687,687,150,2,1,1
688,688,150,2,1,1
689,689,150,2,1,1
690,690,151,1,1,1
691,691,151,1,1,1
692,692,151,2,1,1
693,693,151,2,1,1
694,694,152,1,1,1
695,695,152,1,1,1
696,696,152,1,1,1
697,697,152,1,1,1
698,698,153,1,1,1
699,699,153,1,1,1
700,700,153,1,1,1
701,701,153,1,1,1
702,702,154,1,1,1
703,703,154,1,1,1
704,704,154,1,1,1
705,705,154,2,1,1
706,706,154,2,1,1
707,707,154,2,1,1
708,708,154,2,1,1
709,709,155,1,1,1
710,710,155,1,1,1
711,711,155,2,1,1
712,712,155,2,1,1
713,713,155,2,1,1
714,714,156,2,1,1
715,715,156,2,1,1
716,716,157,2,1,1
717,717,157,2,1,1
718,718,157,2,1,1
719,719,158,1,1,1
720,720,158,1,1,1
721,721,158,2,1,1
722,722,158,2,1,1
723,723,158,2,1,1
724,724,159,1,1,1
725,725,159,1,1,1
726,726,159,1,1,1
727,727,159,1,1,1
728,728,159,2,1,1
729,729,159,2,1,1
730,730,159,2,1,1
731,731,160,1,1,1
732,732,160,1,1,1
733,733,160,2,1,1
734,734,160,2,1,1
735,735,160,2,1,1
736,736,161,1,1,1
737,737,161,1,1,1
738,738,162,1,1,1
739,739,162,1,1,1
740,740,162,1,1,1
741,741,162,2,1,1
742,742,162,2,1,1
743,743,162,2,1,1
744,744,162,2,1,1
745,745,163,2,1,1
746,746,163,2,1,1
747,747,163,2,1,1
748,748,164,1,1,1
749,749,164,1,1,1
750,750,164,2,1,1
751,751,164,2,1,1
752,752,164,2,1,1
753,753,165,1,1,1
754,754,165,1,1,1
755,755,165,1,1,1
756,756,165,2,1,1
757,757,165,2,1,1
758,758,166,1,1,1
759,759,166,1,1,1
760,760,166,1,1,1
761,761,166,1,1,1
762,762,166,2,1,1
763,763,166,2,1,1
764,764,167,1,1,1
765,765,167,1,1,1
766,766,167,1,1,1
767,767,167,1,1,1
768,768,167,2,1,1
769,769,167,2,1,1
770,770,167,2,1,1
771,771,168,1,1,1
772,772,168,1,1,1
773,773,169,1,1,1
774,774,169,1,1,1
775,775,169,2,1,1
776,776,169,2,1,1
777,777,170,1,1,1
778,778,170,1,1,1
779,779,170,2,1,1
780,780,170,2,1,1
781,781,170,2,1,1
782,782,170,2,1,1
783,783,172,1,1,1
784,784,172,1,1,1
785,785,172,1,1,1
786,786,172,1,1,1
787,787,172,2,1,1
788,788,172,2,1,1
789,789,172,2,1,1
790,790,173,1,1,1
791,791,173,1,1,1
792,792,173,1,1,1
793,793,173,2,1,1
794,794,173,2,1,1
795,795,174,1,1,1
796,796,174,1,1,1
797,797,174,1,1,1
798,798,174,1,1,1
799,799,174,2,1,1
800,800,174,2,1,1
801,801,174,2,1,1
802,802,174,2,1,1
803,803,175,1,1,1
804,804,175,1,1,1
805,805,175,2,1,1
806,806,175,2,1,1
807,807,175,2,1,1
808,808,176,1,1,1
809,809,176,1,1,1
810,810,176,2,1,1
811,811,176,2,1,1
812,812,176,2,1,1
813,813,176,2,1,1
814,814,177,2,1,1
815,815,177,2,1,1
816,816,177,2,1,1
817,817,178,1,1,1
818,818,178,1,1,1
819,819,179,1,1,1
820,820,179,1,1,1
821,821,179,1,1,1
822,822,179,1,1,1
823,823,180,2,1,1
824,824,180,2,1,1
825,825,181,1,1,1
826,826,181,1,1,1
827,827,181,1,1,1
828,828,181,2,1,1
829,829,181,2,1,1
830,830,181,2,1,1
831,831,181,2,1,1
832,832,182,1,1,1
833,833,182,1,1,1
834,834,183,1,1,1
835,835,183,1,1,1
836,836,183,1,1,1
837,837,183,2,1,1
838,838,183,2,1,1
839,839,183,2,1,1
840,840,184,1,1,1
841,841,184,1,1,1
842,842,184,2,1,1
843,843,184,2,1,1
844,844,184,2,1,1
845,845,185,1,1,1
846,846,185,1,1,1
847,847,186,1,1,1
848,848,186,1,1,1
849,849,186,2,1,1
850,850,186,2,1,1
851,851,187,2,1,1
852,852,187,2,1,1
853,853,187,2,1,1
854,854,188,1,1,1
855,855,188,1,1,1
856,856,188,1,1,1
857,857,189,1,1,1
858,858,189,1,1,1
859,859,189,2,1,1
860,860,189,2,1,1
861,861,189,2,1,1
862,862,189,2,1,1
863,863,190,2,1,1
864,864,190,2,1,1
865,865,190,2,1,1
866,866,190,2,1,1
867,867,191,1,1,1
868,868,191,1,1,1
869,869,191,1,1,1
870,870,191,2,1,1
871,871,191,2,1,1
872,872,191,2,1,1
873,873,193,1,1,1
874,874,193,1,1,1
875,875,193,1,1,1
876,876,193,1,1,1
877,877,193,2,1,1
878,878,193,2,1,1
879,879,193,2,1,1
880,880,193,2,1,1
881,881,194,1,1,1
882,882,194,1,1,1
883,883,194,2,1,1
884,884,194,2,1,1
885,885,196,1,1,1
886,886,196,1,1,1
887,887,197,1,1,1
888,888,197,1,1,1
889,889,199,1,1,1
890,890,199,1,1,1
891,891,199,1,1,1
892,892,199,1,1,1
893,893,199,2,1,1
894,894,199,2,1,1
895,895,199,2,1,1
896,896,199,2,1,1
897,897,200,1,1,1
898,898,200,1,1,1
899,899,200,1,1,1
900,900,200,1,1,1
901,901,200,2,1,1
902,902,200,2,1,1
903,903,200,2,1,1
904,904,200,2,1,1
905,905,201,1,1,1
906,906,201,1,1,1
907,907,201,1,1,1
908,908,201,1,1,1
909,909,202,1,1,1
910,910,202,1,1,1
911,911,202,1,1,1
912,912,203,2,1,1
913,913,203,2,1,1
914,914,203,2,1,1
915,915,203,2,1,1
916,916,204,1,1,1
917,917,204,1,1,1
918,918,204,1,1,1
919,919,204,1,1,1
920,920,204,2,1,1
921,921,204,2,1,1
922,922,205,1,1,1
923,923,205,1,1,1
924,924,205,1,1,1
925,925,205,1,1,1
926,926,206,1,1,1
927,927,206,1,1,1
928,928,206,1,1,1
929,929,206,1,1,1
930,930,206,2,1,1
931,931,206,2,1,1
932,932,206,2,1,1
933,933,206,2,1,1
934,934,207,1,1,1
935,935,207,1,1,1
936,936,207,1,1,1
937,937,207,1,1,1
938,938,208,1,1,1
939,939,208,1,1,1
940,940,208,1,1,1
941,941,209,1,1,1
942,942,209,1,1,1
943,943,209,1,1,1
944,944,209,1,1,1
945,945,210,2,1,1
946,946,210,2,1,1
947,947,210,2,1,1
948,948,211,1,1,1
949,949,211,1,1,1
950,950,212,1,1,1
951,951,212,1,1,1
952,952,212,1,1,1
953,953,212,2,1,1
954,954,212,2,1,1
955,955,213,1,1,1
956,956,213,1,1,1
957,957,213,1,1,1
958,958,213,1,1,1
959,959,214,2,1,1
960,960,214,2,1,1
961,961,214,2,1,1
962,962,214,2,1,1
963,963,215,1,1,1
964,964,215,1,1,1
965,965,215,1,1,1
966,966,215,2,1,1
967,967,215,2,1,1
968,968,215,2,1,1
969,969,216,1,1,1
970,970,216,1,1,1
971,971,216,2,1,1
972,972,216,2,1,1
973,973,216,2,1,1
974,974,218,1,1,1
975,975,218,1,1,1
976,976,218,1,1,1
977,977,218,1,1,1
978,978,218,2,1,1
979,979,218,2,1,1
980,980,218,2,1,1
981,981,219,1,1,1
982,982,219,1,1,1
983,983,219,1,1,1
984,984,219,1,1,1
985,985,220,1,1,1
986,986,220,1,1,1
987,987,220,1,1,1
988,988,220,1,1,1
989,989,220,2,1,1
990,990,220,2,1,1
991,991,220,2,1,1
992,992,220,2,1,1
993,993,222,1,1,1
994,994,222,1,1,1
995,995,222,2,1,1
996,996,222,2,1,1
997,997,222,2,1,1
998,998,222,2,1,1
999,999,223,2,1,1
1000,1000,223,2,1,1
1001,1001,224,1,1,1
1002,1002,224,1,1,1
1003,1003,225,1,1,1
1004,1004,225,1,1,1
1005,1005,225,1,1,1
1006,1006,226,1,1,1
1007,1007,226,1,1,1
1008,1008,226,2,1,1
1009,1009,226,2,1,1
1010,1010,226,2,1,1
1011,1011,227,1,1,1
1012,1012,227,1,1,1
1013,1013,227,1,1,1
1014,1014,227,2,1,1
1015,1015,227,2,1,1
1016,1016,228,1,1,1
1017,1017,228,1,1,1
1018,1018,228,1,1,1
1019,1019,228,2,1,1
1020,1020,228,2,1,1
1021,1021,228,2,1,1
1022,1022,228,2,1,1
1023,1023,229,1,1,1
1024,1024,229,1,1,1
1025,1025,229,2,1,1
1026,1026,229,2,1,1
1027,1027,230,1,1,1
1028,1028,230,1,1,1
1029,1029,231,1,1,1
1030,1030,231,1,1,1
1031,1031,231,1,1,1
1032,1032,231,1,1,1
1033,1033,231,2,1,1
1034,1034,231,2,1,1
1035,1035,231,2,1,1
1036,1036,231,2,1,1
1037,1037,232,1,1,1
1038,1038,232,1,1,1
1039,1039,232,1,1,1
1040,1040,232,2,1,1
1041,1041,232,2,1,1
1042,1042,233,1,1,1
1043,1043,233,1,1,1
1044,1044,233,1,1,1
1045,1045,233,1,1,1
1046,1046,233,2,1,1
1047,1047,233,2,1,1
1048,1048,234,1,1,1
1049,1049,234,1,1,1
1050,1050,234,1,1,1
1051,1051,234,1,1,1
1052,1052,234,2,1,1
1053,1053,234,2,1,1
1054,1054,234,2,1,1
1055,1055,235,1,1,1
1056,1056,235,1,1,1
1057,1057,235,2,1,1
1058,1058,235,2,1,1
1059,1059,235,2,1,1
1060,1060,235,2,1,1
1061,1061,236,2,1,1
1062,1062,236,2,1,1
1063,1063,236,2,1,1
1064,1064,236,2,1,1
1065,1065,237,1,1,1
1066,1066,237,1,1,1
1067,1067,238,1,1,1
1068,1068,238,1,1,1
1069,1069,239,1,1,1
1070,1070,239,1,1,1
1071,1071,239,1,1,1
1072,1072,239,1,1,1
1073,1073,239,2,1,1
1074,1074,239,2,1,1
1075,1075,239,2,1,1
1076,1076,239,2,1,1
1077,1077,240,2,1,1
1078,1078,240,2,1,1
1079,1079,240,2,1,1
1080,1080,241,1,1,1
1081,1081,241,1,1,1
1082,1082,241,1,1,1
1083,1083,241,1,1,1
1084,1084,242,1,1,1
1085,1085,242,1,1,1
1086,1086,242,2,1,1
1087,1087,242,2,1,1
1088,1088,242,2,1,1
1089,1089,243,1,1,1
1090,1090,243,1,1,1
1091,1091,243,2,1,1
1092,1092,243,2,1,1
1093,1093,243,2,1,1
1094,1094,243,2,1,1
1095,1095,244,1,1,1
1096,1096,244,1,1,1
1097,1097,244,1,1,1
1098,1098,244,1,1,1
1099,1099,244,2,1,1
1100,1100,244,2,1,1
1101,1101,244,2,1,1
1102,1102,245,1,1,1
1103,1103,245,1,1,1
1104,1104,245,1,1,1
1105,1105,245,2,1,1
1106,1106,245,2,1,1
1107,1107,245,2,1,1
1108,1108,245,2,1,1
1109,1109,246,2,1,1
1110,1110,246,2,1,1
1111,1111,246,2,1,1
1112,1112,247,1,1,1
1113,1113,247,1,1,1
1114,1114,247,1,1,1
1115,1115,247,2,1,1
1116,1116,247,2,1,1
1117,1117,247,2,1,1
1118,1118,247,2,1,1
1119,1119,248,2,1,1
1120,1120,248,2,1,1
1121,1121,249,1,1,1
1122,1122,249,1,1,1
1123,1123,249,2,1,1
1124,1124,249,2,1,1
1125,1125,249,2,1,1
1126,1126,249,2,1,1
1127,1127,250,2,1,1
1128,1128,250,2,1,1
1129,1129,250,2,1,1
1130,1130,250,2,1,1
1131,1131,251,1,1,1
1132,1132,251,1,1,1
1133,1133,251,2,1,1
1134,1134,251,2,1,1
1135,1135,251,2,1,1
1136,1136,252,1,1,1
1137,1137,252,1,1,1
1138,1138,252,1,1,1
1139,1139,252,2,1,1
1140,1140,252,2,1,1
1141,1141,252,2,1,1
1142,1142,253,1,1,1
1143,1143,253,1,1,1
1144,1144,253,1,1,1
1145,1145,253,1,1,1
1146,1146,253,2,1,1
1147,1147,253,2,1,1
1148,1148,254,1,1,1
1149,1149,254,1,1,1
1150,1150,254,2,1,1
1151,1151,254,2,1,1
1152,1152,254,2,1,1
1153,1153,255,1,1,1
1154,1154,255,1,1,1
1155,1155,255,1,1,1
1156,1156,255,1,1,1
1157,1157,255,2,1,1
1158,1158,255,2,1,1
1159,1159,256,2,1,1
1160,1160,256,2,1,1
1161,1161,256,2,1,1
1162,1162,257,2,1,1
1163,1163,257,2,1,1
1164,1164,257,2,1,1
1165,1165,258,2,1,1
1166,1166,258,2,1,1
1167,1167,258,2,1,1
1168,1168,258,2,1,1
1169,1169,259,1,1,1
1170,1170,259,1,1,1
1171,1171,260,2,1,1
1172,1172,260,2,1,1
1173,1173,260,2,1,1
1174,1174,260,2,1,1
1175,1175,261,1,1,1
1176,1176,261,1,1,1
1177,1177,262,2,1,1
1178,1178,262,2,1,1
1179,1179,263,1,1,1
1180,1180,263,1,1,1
1181,1181,263,1,1,1
1182,1182,263,1,1,1
1183,1183,263,2,1,1
1184,1184,263,2,1,1
1185,1185,263,2,1,1
1186,1186,264,2,1,1
1187,1187,264,2,1,1
1188,1188,265,1,1,1
1189,1189,265,1,1,1
1190,1190,265,1,1,1
1191,1191,265,1,1,1
1192,1192,266,1,1,1
1193,1193,266,1,1,1
1194,1194,266,1,1,1
1195,1195,266,1,1,1
1196,1196,266,2,1,1
1197,1197,266,2,1,1
1198,1198,266,2,1,1
1199,1199,266,2,1,1
1200,1200,267,1,1,1
1201,1201,267,1,1,1
1202,1202,267,1,1,1
1203,1203,267,1,1,1
1204,1204,267,2,1,1
1205,1205,267,2,1,1
1206,1206,268,2,1,1
1207,1207,268,2,1,1
1208,1208,269,1,1,1
1209,1209,269,1,1,1
1210,1210,269,2,1,1
1211,1211,269,2,1,1
1212,1212,269,2,1,1
1213,1213,269,2,1,1
1214,1214,270,1,1,1
1215,1215,270,1,1,1
1216,1216,270,1,1,1
1217,1217,270,2,1,1
1218,1218,270,2,1,1
1219,1219,270,2,1,1
1220,1220,270,2,1,1
1221,1221,271,1,1,1
1222,1222,271,1,1,1
1223,1223,271,1,1,1
1224,1224,271,2,1,1
1225,1225,271,2,1,1
1226,1226,272,1,1,1
1227,1227,272,1,1,1
1228,1228,272,1,1,1
1229,1229,272,1,1,1
1230,1230,273,1,1,1
1231,1231,273,1,1,1
1232,1232,273,1,1,1
1233,1233,273,1,1,1
1234,1234,273,2,1,1
1235,1235,273,2,1,1
1236,1236,273,2,1,1
1237,1237,274,1,1,1
1238,1238,274,1,1,1
1239,1239,274,1,1,1
1240,1240,274,2,1,1
1241,1241,274,2,1,1
1242,1242,274,2,1,1
1243,1243,274,2,1,1
1244,1244,275,1,1,1
1245,1245,275,1,1,1
1246,1246,275,1,1,1
1247,1247,275,2,1,1
1248,1248,275,2,1,1
1249,1249,276,1,1,1
1250,1250,276,1,1,1
1251,1251,276,1,1,1
1252,1252,276,1,1,1
1253,1253,277,1,1,1
1254,1254,277,1,1,1
1255,1255,277,1,1,1
1256,1256,278,1,1,1
1257,1257,278,1,1,1
1258,1258,279,1,1,1
1259,1259,279,1,1,1
1260,1260,280,1,1,1
1261,1261,280,1,1,1
1262,1262,280,1,1,1
1263,1263,280,1,1,1
1264,1264,280,2,1,1
1265,1265,280,2,1,1
1266,1266,281,1,1,1
1267,1267,281,1,1,1
1268,1268,281,2,1,1
1269,1269,281,2,1,1
1270,1270,281,2,1,1
1271,1271,281,2,1,1
1272,1272,282,1,1,1
1273,1273,282,1,1,1
1274,1274,282,1,1,1
1275,1275,282,2,1,1
1276,1276,282,2,1,1
1277,1277,282,2,1,1
1278,1278,283,1,1,1
1279,1279,283,1,1,1
1280,1280,283,1,1,1
1281,1281,284,1,1,1
1282,1282,284,1,1,1
1283,1283,284,1,1,1
1284,1284,284,2,1,1
1285,1285,284,2,1,1
1286,1286,284,2,1,1
1287,1287,284,2,1,1
1288,1288,285,1,1,1
1289,1289,285,1,1,1
1290,1290,285,1,1,1
1291,1291,285,2,1,1
1292,1292,285,2,1,1
1293,1293,285,2,1,1
1294,1294,285,2,1,1
1295,1295,286,1,1,1
1296,1296,286,1,1,1
1297,1297,286,2,1,1
1298,1298,286,2,1,1
1299,1299,286,2,1,1
1300,1300,287,1,1,1
1301,1301,287,1,1,1
1302,1302,287,2,1,1
1303,1303,287,2,1,1
1304,1304,288,1,1,1
1305,1305,288,1,1,1
1306,1306,288,2,1,1
1307,1307,288,2,1,1
1308,1308,288,2,1,1
1309,1309,288,2,1,1
1310,1310,289,1,1,1
1311,1311,289,1,1,1
1312,1312,290,1,1,1
1313,1313,290,1,1,1
1314,1314,290,1,1,1
1315,1315,291,1,1,1
1316,1316,291,1,1,1
1317,1317,291,1,1,1
1318,1318,291,1,1,1
1319,1319,292,1,1,1
1320,1320,292,1,1,1
1321,1321,292,1,1,1
1322,1322,292,2,1,1
1323,1323,292,2,1,1
1324,1324,292,2,1,1
1325,1325,293,1,1,1
1326,1326,293,1,1,1
1327,1327,293,2,1,1
1328,1328,293,2,1,1
1329,1329,293,2,1,1
1330,1330,294,1,1,1
1331,1331,294,1,1,1
1332,1332,294,2,1,1
1333,1333,294,2,1,1
1334,1334,294,2,1,1
1335,1335,295,1,1,1
1336,1336,295,1,1,1
1337,1337,295,1,1,1
1338,1338,295,1,1,1
1339,1339,295,2,1,1
1340,1340,295,2,1,1
1341,1341,295,2,1,1
1342,1342,295,2,1,1
1343,1343,296,1,1,1
1344,1344,296,1,1,1
1345,1345,296,1,1,1
1346,1346,296,1,1,1
1347,1347,297,2,1,1
1348,1348,297,2,1,1
1349,1349,298,1,1,1
1350,1350,298,1,1,1
1351,1351,298,2,1,1
1352,1352,298,2,1,1
1353,1353,298,2,1,1
1354,1354,299,1,1,1
1355,1355,299,1,1,1
1356,1356,299,1,1,1
1357,1357,299,1,1,1
1358,1358,300,1,1,1
1359,1359,300,1,1,1
1360,1360,300,2,1,1
1361,1361,300,2,1,1
1362,1362,300,2,1,1
1363,1363,300,2,1,1
1364,1364,301,1,1,1
1365,1365,301,1,1,1
1366,1366,301,1,1,1
1367,1367,301,1,1,1
1368,1368,301,2,1,1
1369,1369,301,2,1,1
1370,1370,301,2,1,1
1371,1371,301,2,1,1
1372,1372,302,1,1,1
1373,1373,302,1,1,1
1374,1374,302,2,1,1
1375,1375,302,2,1,1
1376,1376,302,2,1,1
1377,1377,302,2,1,1
1378,1378,303,1,1,1
1379,1379,303,1,1,1
1380,1380,303,1,1,1
1381,1381,303,1,1,1
1382,1382,303,2,1,1
1383,1383,303,2,1,1
1384,1384,304,1,1,1
1385,1385,304,1,1,1
1386,1386,304,1,1,1
1387,1387,304,1,1,1
1388,1388,304,2,1,1
1389,1389,304,2,1,1
1390,1390,305,1,1,1
1391,1391,305,1,1,1
1392,1392,305,1,1,1
1393,1393,305,1,1,1
1394,1394,305,2,1,1
1395,1395,305,2,1,1
1396,1396,305,2,1,1
1397,1397,306,1,1,1
1398,1398,306,1,1,1
1399,1399,306,1,1,1
1400,1400,307,1,1,1
1401,1401,307,1,1,1
1402,1402,307,1,1,1
1403,1403,307,2,1,1
1404,1404,307,2,1,1
1405,1405,307,2,1,1
1406,1406,308,1,1,1
1407,1407,308,1,1,1
1408,1408,308,2,1,1
1409,1409,308,2,1,1
1410,1410,309,1,1,1
1411,1411,309,1,1,1
1412,1412,309,2,1,1
1413,1413,309,2,1,1
1414,1414,309,2,1,1
1415,1415,309,2,1,1
1416,1416,310,1,1,1
1417,1417,310,1,1,1
1418,1418,311,1,1,1
1419,1419,311,1,1,1
1420,1420,311,1,1,1
1421,1421,311,2,1,1
1422,1422,311,2,1,1
1423,1423,311,2,1,1
1424,1424,311,2,1,1
1425,1425,312,2,1,1
1426,1426,312,2,1,1
1427,1427,312,2,1,1
1428,1428,313,1,1,1
1429,1429,313,1,1,1
1430,1430,313,1,1,1
1431,1431,313,1,1,1
1432,1432,313,2,1,1
1433,1433,313,2,1,1
1434,1434,314,1,1,1
1435,1435,314,1,1,1
1436,1436,314,2,1,1
1437,1437,314,2,1,1
1438,1438,314,2,1,1
1439,1439,314,2,1,1
1440,1440,315,2,1,1
1441,1441,315,2,1,1
1442,1442,315,2,1,1
1443,1443,316,2,1,1
1444,1444,316,2,1,1
1445,1445,317,1,1,1
1446,1446,317,1,1,1
1447,1447,317,1,1,1
1448,1448,317,1,1,1
1449,1449,317,2,1,1
1450,1450,317,2,1,1
1451,1451,317,2,1,1
1452,1452,319,1,1,1
1453,1453,319,1,1,1
1454,1454,319,1,1,1
1455,1455,319,2,1,1
1456,1456,319,2,1,1
1457,1457,319,2,1,1
1458,1458,319,2,1,1
1459,1459,320,1,1,1
1460,1460,320,1,1,1
1461,1461,320,1,1,1
1462,1462,320,2,1,1
1463,1463,320,2,1,1
1464,1464,320,2,1,1
1465,1465,320,2,1,1
1466,1466,321,1,1,1
1467,1467,321,1,1,1
1468,1468,321,1,1,1
1469,1469,321,1,1,1
1470,1470,322,1,1,1
1471,1471,322,1,1,1
1472,1472,322,1,1,1
1473,1473,322,1,1,1
1474,1474,322,2,1,1
1475,1475,322,2,1,1
1476,1476,323,2,1,1
1477,1477,323,2,1,1
1478,1478,323,2,1,1
1479,1479,323,2,1,1
1480,1480,324,1,1,1
1481,1481,324,1,1,1
1482,1482,324,1,1,1
1483,1483,324,2,1,1
1484,1484,324,2,1,1
1485,1485,326,1,1,1
1486,1486,326,1,1,1
1487,1487,326,2,1,1
1488,1488,326,2,1,1
1489,1489,326,2,1,1
1490,1490,326,2,1,1
1491,1491,327,1,1,1
1492,1492,327,1,1,1
1493,1493,327,1,1,1
1494,1494,327,1,1,1
1495,1495,327,2,1,1
1496,1496,327,2,1,1
1497,1497,328,2,1,1
1498,1498,328,2,1,1
1499,1499,328,2,1,1
1500,1500,328,2,1,1
1501,1501,329,1,1,1
1502,1502,329,1,1,1
1503,1503,329,1,1,1
1504,1504,329,2,1,1
1505,1505,329,2,1,1
1506,1506,329,2,1,1
1507,1507,330,1,1,1
1508,1508,330,1,1,1
1509,1509,330,1,1,1
1510,1510,330,1,1,1
1511,1511,330,2,1,1
1512,1512,330,2,1,1
1513,1513,330,2,1,1
1514,1514,331,1,1,1
1515,1515,331,1,1,1
1516,1516,331,1,1,1
1517,1517,331,1,1,1
1518,1518,331,2,1,1
1519,1519,331,2,1,1
1520,1520,331,2,1,1
1521,1521,331,2,1,1
1522,1522,333,1,1,1
1523,1523,333,1,1,1
1524,1524,333,2,1,1
1525,1525,333,2,1,1
1526,1526,334,1,1,1
1527,1527,334,1,1,1
1528,1528,334,2,1,1
1529,1529,334,2,1,1
1530,1530,334,2,1,1
1531,1531,334,2,1,1
1532,1532,335,1,1,1
1533,1533,335,1,1,1
1534,1534,336,1,1,1
1535,1535,336,1,1,1
1536,1536,336,1,1,1
1537,1537,336,2,1,1
1538,1538,336,2,1,1
1539,1539,337,1,1,1
1540,1540,337,1,1,1
1541,1541,337,2,1,1
1542,1542,337,2,1,1
1543,1543,338,2,1,1
1544,1544,338,2,1,1
1545,1545,338,2,1,1
1546,1546,339,2,1,1
1547,1547,339,2,1,1
1548,1548,339,2,1,1
1549,1549,340,1,1,1
1550,1550,340,1,1,1
1551,1551,341,1,1,1
1552,1552,341,1,1,1
1553,1553,341,1,1,1
1554,1554,341,1,1,1
1555,1555,341,2,1,1
1556,1556,341,2,1,1
1557,1557,341,2,1,1
1558,1558,341,2,1,1
1559,1559,342,1,1,1
1560,1560,342,1,1,1
1561,1561,342,1,1,1
1562,1562,342,1,1,1
1563,1563,343,1,1,1
1564,1564,343,1,1,1
1565,1565,344,1,1,1
1566,1566,344,1,1,1
1567,1567,344,1,1,1
1568,1568,344,2,1,1
1569,1569,344,2,1,1
1570,1570,345,1,1,1
1571,1571,345,1,1,1
1572,1572,345,1,1,1
1573,1573,345,2,1,1
1574,1574,345,2,1,1
1575,1575,346,1,1,1
1576,1576,346,1,1,1
1577,1577,346,2,1,1
1578,1578,346,2,1,1
1579,1579,346,2,1,1
1580,1580,346,2,1,1
1581,1581,347,1,1,1
1582,1582,347,1,1,1
1583,1583,347,1,1,1
1584,1584,347,1,1,1
1585,1585,348,2,1,1
1586,1586,348,2,1,1
1587,1587,348,2,1,1
1588,1588,348,2,1,1
1589,1589,349,1,1,1
1590,1590,349,1,1,1
1591,1591,349,1,1,1
1592,1592,349,1,1,1
1593,1593,349,2,1,1
1594,1594,349,2,1,1
1595,1595,349,2,1,1
1596,1596,350,1,1,1
1597,1597,350,1,1,1
1598,1598,350,1,1,1
1599,1599,350,1,1,1
1600,1600,350,2,1,1
1601,1601,350,2,1,1
1602,1602,350,2,1,1
1603,1603,350,2,1,1
1604,1604,351,1,1,1
1605,1605,351,1,1,1
1606,1606,351,1,1,1
1607,1607,351,2,1,1
1608,1608,351,2,1,1
1609,1609,351,2,1,1
1610,1610,352,2,1,1
1611,1611,352,2,1,1
1612,1612,352,2,1,1
1613,1613,352,2,1,1
1614,1614,353,1,1,1
1615,1615,353,1,1,1
1616,1616,353,2,1,1
1617,1617,353,2,1,1
1618,1618,353,2,1,1
1619,1619,353,2,1,1
1620,1620,354,1,1,1
1621,1621,354,1,1,1
1622,1622,354,1,1,1
1623,1623,354,2,1,1
1624,1624,354,2,1,1
1625,1625,355,2,1,1
1626,1626,355,2,1,1
1627,1627,356,1,1,1
1628,1628,356,1,1,1
1629,1629,356,1,1,1
1630,1630,356,1,1,1
1631,1631,356,2,1,1
1632,1632,356,2,1,1
1633,1633,356,2,1,1
1634,1634,356,2,1,1
1635,1635,357,2,1,1
1636,1636,357,2,1,1
1637,1637,357,2,1,1
1638,1638,357,2,1,1
1639,1639,358,1,1,1
1640,1640,358,1,1,1
1641,1641,358,1,1,1
1642,1642,358,1,1,1
1643,1643,358,2,1,1
1644,1644,358,2,1,1
1645,1645,358,2,1,1
1646,1646,358,2,1,1
1647,1647,360,1,1,1
1648,1648,360,1,1,1
1649,1649,360,1,1,1
1650,1650,360,1,1,1
1651,1651,361,1,1,1
1652,1652,361,1,1,1
1653,1653,361,1,1,1
1654,1654,361,1,1,1
1655,1655,361,2,1,1
1656,1656,361,2,1,1
1657,1657,361,2,1,1
1658,1658,361,2,1,1
1659,1659,362,1,1,1
1660,1660,362,1,1,1
1661,1661,363,1,1,1
1662,1662,363,1,1,1
1663,1663,363,1,1,1
1664,1664,363,2,1,1
1665,1665,363,2,1,1
1666,1666,363,2,1,1
1667,1667,364,1,1,1
1668,1668,364,1,1,1
1669,1669,364,1,1,1
1670,1670,365,1,1,1
1671,1671,365,1,1,1
1672,1672,365,2,1,1
1673,1673,365,2,1,1
1674,1674,366,1,1,1
1675,1675,366,1,1,1
1676,1676,366,1,1,1
1677,1677,366,1,1,1
1678,1678,366,2,1,1
1679,1679,366,2,1,1
1680,1680,366,2,1,1
1681,1681,367,1,1,1
1682,1682,367,1,1,1
1683,1683,367,1,1,1
1684,1684,367,1,1,1
1685,1685,367,2,1,1
1686,1686,367,2,1,1
1687,1687,367,2,1,1
1688,1688,368,1,1,1
1689,1689,368,1,1,1
1690,1690,369,1,1,1
1691,1691,369,1,1,1
1692,1692,369,1,1,1
1693,1693,369,1,1,1
1694,1694,369,2,1,1
1695,1695,369,2,1,1
1696,1696,369,2,1,1
1697,1697,369,2,1,1
1698,1698,370,1,1,1
1699,1699,370,1,1,1
1700,1700,370,1,1,1
1701,1701,370,2,1,1
1702,1702,370,2,1,1
1703,1703,371,1,1,1
1704,1704,371,1,1,1
1705,1705,371,1,1,1
1706,1706,372,1,1,1
1707,1707,372,1,1,1
1708,1708,373,1,1,1
1709,1709,373,1,1,1
1710,1710,373,1,1,1
1711,1711,373,2,1,1
1712,1712,373,2,1,1
1713,1713,374,1,1,1
1714,1714,374,1,1,1
1715,1715,374,1,1,1
1716,1716,374,2,1,1
1717,1717,374,2,1,1
1718,1718,374,2,1,1
1719,1719,374,2,1,1
1720,1720,375,1,1,1
1721,1721,375,1,1,1
1722,1722,376,1,1,1
1723,1723,376,1,1,1
1724,1724,376,1,1,1
1725,1725,376,1,1,1
1726,1726,376,2,1,1
1727,1727,376,2,1,1
1728,1728,376,2,1,1
1729,1729,377,1,1,1
1730,1730,377,1,1,1
1731,1731,377,1,1,1
1732,1732,377,2,1,1
1733,1733,377,2,1,1
1734,1734,377,2,1,1
1735,1735,378,1,1,1
1736,1736,378,1,1,1
1737,1737,378,1,1,1
1738,1738,378,1,1,1
1739,1739,378,2,1,1
1740,1740,378,2,1,1
1741,1741,378,2,1,1
1742,1742,378,2,1,1
1743,1743,379,2,1,1
1744,1744,379,2,1,1
1745,1745,379,2,1,1
1746,1746,379,2,1,1
1747,1747,380,1,1,1
1748,1748,380,1,1,1
1749,1749,380,2,1,1
1750,1750,380,2,1,1
1751,1751,380,2,1,1
1752,1752,381,1,1,1
1753,1753,381,1,1,1
1754,1754,381,2,1,1
1755,1755,381,2,1,1
1756,1756,381,2,1,1
1757,1757,382,1,1,1
1758,1758,382,1,1,1
1759,1759,382,1,1,1
1760,1760,382,1,1,1
1761,1761,382,2,1,1
1762,1762,382,2,1,1
1763,1763,382,2,1,1
1764,1764,382,2,1,1
1765,1765,383,1,1,1
1766,1766,383,1,1,1
1767,1767,383,1,1,1
1768,1768,383,2,1,1
1769,1769,383,2,1,1
1770,1770,384,2,1,1
1771,1771,384,2,1,1
1772,1772,384,2,1,1
1773,1773,385,1,1,1
1774,1774,385,1,1,1
1775,1775,385,2,1,1
1776,1776,385,2,1,1
1777,1777,385,2,1,1
1778,1778,387,1,1,1
1779,1779,387,1,1,1
1780,1780,387,1,1,1
1781,1781,387,2,1,1
1782,1782,387,2,1,1
1783,1783,387,2,1,1
1784,1784,388,1,1,1
1785,1785,388,1,1,1
1786,1786,388,1,1,1
1787,1787,388,2,1,1
1788,1788,388,2,1,1
1789,1789,388,2,1,1
1790,1790,389,1,1,1
1791,1791,389,1,1,1
1792,1792,389,2,1,1
1793,1793,389,2,1,1
1794,1794,390,1,1,1
1795,1795,390,1,1,1
1796,1796,390,1,1,1
1797,1797,391,1,1,1
1798,1798,391,1,1,1
1799,1799,391,1,1,1
1800,1800,391,1,1,1
1801,1801,391,2,1,1
1802,1802,391,2,1,1
1803,1803,391,2,1,1
1804,1804,392,1,1,1
1805,1805,392,1,1,1
1806,1806,392,1,1,1
1807,1807,392,1,1,1
1808,1808,392,2,1,1
1809,1809,392,2,1,1
1810,1810,393,1,1,1
1811,1811,393,1,1,1
1812,1812,394,1,1,1
1813,1813,394,1,1,1
1814,1814,394,1,1,1
1815,1815,394,1,1,1
1816,1816,395,1,1,1
1817,1817,395,1,1,1
1818,1818,395,1,1,1
1819,1819,395,2,1,1
1820,1820,395,2,1,1
1821,1821,395,2,1,1
1822,1822,396,2,1,1
1823,1823,396,2,1,1
1824,1824,396,2,1,1
1825,1825,396,2,1,1
1826,1826,397,1,1,1
1827,1827,397,1,1,1
1828,1828,397,1,1,1
1829,1829,397,2,1,1
1830,1830,397,2,1,1
1831,1831,397,2,1,1
1832,1832,397,2,1,1
1833,1833,398,2,1,1
1834,1834,398,2,1,1
1835,1835,398,2,1,1
1836,1836,398,2,1,1
1837,1837,399,2,1,1
1838,1838,399,2,1,1
1839,1839,400,1,1,1
1840,1840,400,1,1,1
1841,1841,401,1,1,1
1842,1842,401,1,1,1
1843,1843,402,1,1,1
1844,1844,402,1,1,1
1845,1845,402,1,1,1
1846,1846,402,2,1,1
1847,1847,402,2,1,1
1848,1848,402,2,1,1
1849,1849,403,1,1,1
1850,1850,403,1,1,1
1851,1851,403,1,1,1
1852,1852,403,1,1,1
1853,1853,403,2,1,1
1854,1854,403,2,1,1
1855,1855,403,2,1,1
1856,1856,403,2,1,1
1857,1857,405,2,1,1
1858,1858,405,2,1,1
1859,1859,406,1,1,1
1860,1860,406,1,1,1
1861,1861,406,2,1,1
1862,1862,406,2,1,1
1863,1863,406,2,1,1
1864,1864,406,2,1,1
1865,1865,407,1,1,1
1866,1866,407,1,1,1
1867,1867,408,1,1,1
1868,1868,408,1,1,1
1869,1869,408,1,1,1
1870,1870,408,1,1,1
1871,1871,408,2,1,1
1872,1872,408,2,1,1
1873,1873,408,2,1,1
1874,1874,409,1,1,1
1875,1875,409,1,1,1
1876,1876,409,1,1,1
1877,1877,409,1,1,1
1878,1878,409,2,1,1
1879,1879,409,2,1,1
1880,1880,409,2,1,1
1881,1881,410,1,1,1
1882,1882,410,1,1,1
1883,1883,410,1,1,1
1884,1884,410,2,1,1
1885,1885,410,2,1,1
1886,1886,411,1,1,1
1887,1887,411,1,1,1
1888,1888,412,1,1,1
1889,1889,412,1,1,1
1890,1890,412,1,1,1
1891,1891,412,1,1,1
1892,1892,412,2,1,1
1893,1893,412,2,1,1
1894,1894,412,2,1,1
1895,1895,412,2,1,1
1896,1896,413,1,1,1
1897,1897,413,1,1,1
1898,1898,413,1,1,1
1899,1899,414,1,1,1
1900,1900,414,1,1,1
1901,1901,414,1,1,1
1902,1902,414,2,1,1
1903,1903,414,2,1,1
1904,1904,414,2,1,1
1905,1905,415,1,1,1
1906,1906,415,1,1,1
1907,1907,415,1,1,1
1908,1908,415,2,1,1
1909,1909,415,2,1,1
1910,1910,415,2,1,1
1911,1911,416,1,1,1
1912,1912,416,1,1,1
1913,1913,416,2,1,1
1914,1914,416,2,1,1
1915,1915,416,2,1,1
1916,1916,416,2,1,1
1917,1917,417,1,1,1
1918,1918,417,1,1,1
1919,1919,417,1,1,1
1920,1920,417,1,1,1
1921,1921,417,2,1,1
1922,1922,417,2,1,1
1923,1923,418,1,1,1
1924,1924,418,1,1,1
1925,1925,418,1,1,1
1926,1926,418,1,1,1
1927,1927,418,2,1,1
1928,1928,418,2,1,1
1929,1929,418,2,1,1
1930,1930,418,2,1,1
1931,1931,420,1,1,1
1932,1932,420,1,1,1
1933,1933,420,2,1,1
1934,1934,420,2,1,1
1935,1935,420,2,1,1
1936,1936,421,2,1,1
1937,1937,421,2,1,1
1938,1938,421,2,1,1
1939,1939,421,2,1,1
1940,1940,422,2,1,1
1941,1941,422,2,1,1
1942,1942,423,1,1,1
1943,1943,423,1,1,1
1944,1944,423,2,1,1
1945,1945,423,2,1,1
1946,1946,424,1,1,1
1947,1947,424,1,1,1
1948,1948,424,1,1,1
1949,1949,424,2,1,1
1950,1950,424,2,1,1
1951,1951,425,2,1,1
1952,1952,425,2,1,1
1953,1953,426,2,1,1
1954,1954,426,2,1,1
1955,1955,426,2,1,1
1956,1956,427,1,1,1
1957,1957,427,1,1,1
1958,1958,427,1,1,1
1959,1959,427,1,1,1
1960,1960,428,1,1,1
1961,1961,428,1,1,1
1962,1962,428,1,1,1
1963,1963,428,1,1,1
1964,1964,428,2,1,1
1965,1965,428,2,1,1
1966,1966,429,1,1,1
1967,1967,429,1,1,1
1968,1968,429,2,1,1
1969,1969,429,2,1,1
1970,1970,429,2,1,1
1971,1971,429,2,1,1
1972,1972,430,2,1,1
1973,1973,430,2,1,1
1974,1974,430,2,1,1
1975,1975,430,2,1,1
1976,1976,431,2,1,1
1977,1977,431,2,1,1
1978,1978,431,2,1,1
1979,1979,432,1,1,1
1980,1980,432,1,1,1
1981,1981,432,1,1,1
1982,1982,432,2,1,1
1983,1983,432,2,1,1
1984,1984,433,1,1,1
1985,1985,433,1,1,1
1986,1986,433,1,1,1
1987,1987,433,1,1,1
1988,1988,433,2,1,1
1989,1989,433,2,1,1
1990,1990,434,1,1,1
1991,1991,434,1,1,1
1992,1992,434,1,1,1
1993,1993,434,1,1,1
1994,1994,434,2,1,1
1995,1995,434,2,1,1
1996,1996,434,2,1,1
1997,1997,434,2,1,1
1998,1998,435,1,1,1
1999,1999,435,1,1,1
2000,2000,436,1,1,1
2001,2001,436,1,1,1
2002,2002,436,1,1,1
2003,2003,436,2,1,1
2004,2004,436,2,1,1
2005,2005,436,2,1,1
2006,2006,437,1,1,1
2007,2007,437,1,1,1
2008,2008,437,2,1,1
2009,2009,437,2,1,1
2010,2010,437,2,1,1
2011,2011,437,2,1,1
2012,2012,438,1,1,1
2013,2013,438,1,1,1
2014,2014,438,2,1,1
2015,2015,438,2,1,1
2016,2016,438,2,1,1
2017,2017,439,1,1,1
2018,2018,439,1,1,1
2019,2019,439,1,1,1
2020,2020,439,1,1,1
2021,2021,439,2,1,1
2022,2022,439,2,1,1
2023,2023,440,1,1,1
2024,2024,440,1,1,1
2025,2025,440,2,1,1
2026,2026,440,2,1,1
2027,2027,441,1,1,1
2028,2028,441,1,1,1
2029,2029,442,1,1,1
2030,2030,442,1,1,1
2031,2031,442,1,1,1
2032,2032,443,1,1,1
2033,2033,443,1,1,1
2034,2034,443,1,1,1
2035,2035,443,2,1,1
2036,2036,443,2,1,1
2037,2037,443,2,1,1
2038,2038,443,2,1,1
2039,2039,444,1,1,1
2040,2040,444,1,1,1
2041,2041,444,1,1,1
2042,2042,444,1,1,1
2043,2043,444,2,1,1
2044,2044,444,2,1,1
2045,2045,444,2,1,1
2046,2046,444,2,1,1
2047,2047,445,1,1,1
2048,2048,445,1,1,1
2049,2049,445,1,1,1
2050,2050,445,2,1,1
2051,2051,445,2,1,1
2052,2052,445,2,1,1
2053,2053,446,1,1,1
2054,2054,446,1,1,1
2055,2055,446,2,1,1
2056,2056,446,2,1,1
2057,2057,447,1,1,1
2058,2058,447,1,1,1
2059,2059,447,1,1,1
2060,2060,447,1,1,1
2061,2061,447,2,1,1
2062,2062,447,2,1,1
2063,2063,447,2,1,1
2064,2064,448,1,1,1
2065,2065,448,1,1,1
2066,2066,448,2,1,1
2067,2067,448,2,1,1
2068,2068,448,2,1,1
2069,2069,449,2,1,1
2070,2070,449,2,1,1
2071,2071,449,2,1,1
2072,2072,449,2,1,1
2073,2073,450,1,1,1
2074,2074,450,1,1,1
2075,2075,450,1,1,1
2076,2076,450,2,1,1
2077,2077,450,2,1,1
2078,2078,450,2,1,1
2079,2079,450,2,1,1
2080,2080,451,1,1,1
2081,2081,451,1,1,1
2082,2082,451,2,1,1
2083,2083,451,2,1,1
2084,2084,451,2,1,1
2085,2085,452,2,1,1
2086,2086,452,2,1,1
2087,2087,452,2,1,1
2088,2088,452,2,1,1
2089,2089,453,1,1,1
2090,2090,453,1,1,1
2091,2091,453,1,1,1
2092,2092,453,2,1,1
2093,2093,453,2,1,1
2094,2094,454,1,1,1
2095,2095,454,1,1,1
2096,2096,455,1,1,1
2097,2097,455,1,1,1
2098,2098,455,1,1,1
2099,2099,455,1,1,1
2100,2100,456,1,1,1
2101,2101,456,1,1,1
2102,2102,456,2,1,1
2103,2103,456,2,1,1
2104,2104,456,2,1,1
2105,2105,456,2,1,1
2106,2106,457,1,1,1
2107,2107,457,1,1,1
2108,2108,457,2,1,1
2109,2109,457,2,1,1
2110,2110,457,2,1,1
2111,2111,457,2,1,1
2112,2112,458,1,1,1
2113,2113,458,1,1,1
2114,2114,458,2,1,1
2115,2115,458,2,1,1
2116,2116,458,2,1,1
2117,2117,458,2,1,1
2118,2118,459,2,1,1
2119,2119,459,2,1,1
2120,2120,460,1,1,1
2121,2121,460,1,1,1
2122,2122,460,1,1,1
2123,2123,460,1,1,1
2124,2124,460,2,1,1
2125,2125,460,2,1,1
2126,2126,460,2,1,1
2127,2127,460,2,1,1
2128,2128,461,1,1,1
2129,2129,461,1,1,1
2130,2130,461,2,1,1
2131,2131,461,2,1,1
2132,2132,461,2,1,1
2133,2133,461,2,1,1
2134,2134,462,1,1,1
2135,2135,462,1,1,1
2136,2136,462,2,1,1
2137,2137,462,2,1,1
2138,2138,462,2,1,1
2139,2139,463,1,1,1
2140,2140,463,1,1,1
2141,2141,463,1,1,1
2142,2142,463,2,1,1
2143,2143,463,2,1,1
2144,2144,464,1,1,1
2145,2145,464,1,1,1
2146,2146,464,1,1,1
2147,2147,464,1,1,1
2148,2148,464,2,1,1
2149,2149,464,2,1,1
2150,2150,464,2,1,1
2151,2151,465,1,1,1
2152,2152,465,1,1,1
2153,2153,465,2,1,1
2154,2154,465,2,1,1
2155,2155,465,2,1,1
2156,2156,466,1,1,1
2157,2157,466,1,1,1
2158,2158,467,1,1,1
2159,2159,467,1,1,1
2160,2160,467,1,1,1
2161,2161,467,1,1,1
2162,2162,467,2,1,1
2163,2163,467,2,1,1
2164,2164,467,2,1,1
2165,2165,468,1,1,1
2166,2166,468,1,1,1
2167,2167,468,1,1,1
2168,2168,468,1,1,1
2169,2169,468,2,1,1
2170,2170,468,2,1,1
2171,2171,468,2,1,1
2172,2172,468,2,1,1
2173,2173,469,2,1,1
2174,2174,469,2,1,1
2175,2175,469,2,1,1
2176,2176,470,1,1,1
2177,2177,470,1,1,1
2178,2178,471,1,1,1
2179,2179,471,1,1,1
2180,2180,471,1,1,1
2181,2181,471,2,1,1
2182,2182,471,2,1,1
2183,2183,471,2,1,1
2184,2184,471,2,1,1
2185,2185,472,2,1,1
2186,2186,472,2,1,1
2187,2187,473,1,1,1
2188,2188,473,1,1,1
2189,2189,473,2,1,1
2190,2190,473,2,1,1
2191,2191,473,2,1,1
2192,2192,474,2,1,1
2193,2193,474,2,1,1
2194,2194,474,2,1,1
2195,2195,474,2,1,1
2196,2196,475,2,1,1
2197,2197,475,2,1,1
2198,2198,476,1,1,1
2199,2199,476,1,1,1
2200,2200,476,1,1,1
2201,2201,476,2,1,1
2202,2202,476,2,1,1
2203,2203,476,2,1,1
2204,2204,476,2,1,1
2205,2205,477,2,1,1
2206,2206,477,2,1,1
2207,2207,477,2,1,1
2208,2208,478,1,1,1
2209,2209,478,1,1,1
2210,2210,478,2,1,1
2211,2211,478,2,1,1
2212,2212,478,2,1,1
2213,2213,479,1,1,1
2214,2214,479,1,1,1
2215,2215,479,2,1,1
2216,2216,479,2,1,1
2217,2217,479,2,1,1
2218,2218,480,1,1,1
2219,2219,480,1,1,1
2220,2220,480,2,1,1
2221,2221,480,2,1,1
2222,2222,481,1,1,1
2223,2223,481,1,1,1
2224,2224,481,1,1,1
2225,2225,481,2,1,1
2226,2226,481,2,1,1
2227,2227,481,2,1,1
2228,2228,482,1,1,1
2229,2229,482,1,1,1
2230,2230,482,1,1,1
2231,2231,483,1,1,1
2232,2232,483,1,1,1
2233,2233,483,1,1,1
2234,2234,483,2,1,1
2235,2235,483,2,1,1
2236,2236,484,1,1,1
2237,2237,484,1,1,1
2238,2238,484,1,1,1
2239,2239,484,1,1,1
2240,2240,484,2,1,1
2241,2241,484,2,1,1
2242,2242,484,2,1,1
2243,2243,485,2,1,1
2244,2244,485,2,1,1
2245,2245,485,2,1,1
2246,2246,486,1,1,1
2247,2247,486,1,1,1
2248,2248,486,1,1,1
2249,2249,486,1,1,1
2250,2250,486,2,1,1
2251,2251,486,2,1,1
2252,2252,487,2,1,1
2253,2253,487,2,1,1
2254,2254,487,2,1,1
2255,2255,488,1,1,1
2256,2256,488,1,1,1
2257,2257,488,2,1,1
2258,2258,488,2,1,1
2259,2259,488,2,1,1
2260,2260,489,1,1,1
2261,2261,489,1,1,1
2262,2262,489,1,1,1
2263,2263,489,1,1,1
2264,2264,489,2,1,1
2265,2265,489,2,1,1
2266,2266,489,2,1,1
2267,2267,489,2,1,1
2268,2268,490,1,1,1
2269,2269,490,1,1,1
2270,2270,491,1,1,1
2271,2271,491,1,1,1
2272,2272,491,2,1,1
2273,2273,491,2,1,1
2274,2274,491,2,1,1
2275,2275,491,2,1,1
2276,2276,492,1,1,1
2277,2277,492,1,1,1
2278,2278,493,2,1,1
2279,2279,493,2,1,1
2280,2280,493,2,1,1
2281,2281,494,1,1,1
2282,2282,494,1,1,1
2283,2283,494,1,1,1
2284,2284,494,1,1,1
2285,2285,494,2,1,1
2286,2286,494,2,1,1
2287,2287,496,1,1,1
2288,2288,496,1,1,1
2289,2289,496,2,1,1
2290,2290,496,2,1,1
2291,2291,496,2,1,1
2292,2292,498,1,1,1
2293,2293,498,1,1,1
2294,2294,499,1,1,1
2295,2295,499,1,1,1
2296,2296,500,1,1,1
2297,2297,500,1,1,1
2298,2298,500,1,1,1
2299,2299,500,1,1,1
2300,2300,500,2,1,1
2301,2301,500,2,1,1
2302,2302,500,2,1,1
2303,2303,500,2,1,1
2304,2304,501,1,1,1
2305,2305,501,1,1,1
2306,2306,501,1,1,1
2307,2307,501,2,1,1
2308,2308,501,2,1,1
2309,2309,502,1,1,1
2310,2310,502,1,1,1
2311,2311,502,1,1,1
2312,2312,502,1,1,1
2313,2313,502,2,1,1
2314,2314,502,2,1,1
2315,2315,502,2,1,1
2316,2316,503,1,1,1
2317,2317,503,1,1,1
2318,2318,503,1,1,1
2319,2319,504,1,1,1
2320,2320,504,1,1,1
2321,2321,504,1,1,1
2322,2322,504,1,1,1
2323,2323,504,2,1,1
2324,2324,504,2,1,1
2325,2325,505,2,1,1
2326,2326,505,2,1,1
2327,2327,505,2,1,1
2328,2328,505,2,1,1
2329,2329,506,1,1,1
2330,2330,506,1,1,1
2331,2331,506,1,1,1
2332,2332,506,1,1,1
2333,2333,506,2,1,1
2334,2334,506,2,1,1
2335,2335,507,2,1,1
2336,2336,507,2,1,1
2337,2337,508,2,1,1
2338,2338,508,2,1,1
2339,2339,508,2,1,1
2340,2340,509,2,1,1
2341,2341,509,2,1,1
2342,2342,509,2,1,1
2343,2343,510,1,1,1
2344,2344,510,1,1,1
2345,2345,510,1,1,1
2346,2346,510,1,1,1
2347,2347,511,1,1,1
2348,2348,511,1,1,1
2349,2349,511,2,1,1
2350,2350,511,2,1,1
2351,2351,511,2,1,1
2352,2352,512,1,1,1
2353,2353,512,1,1,1
2354,2354,512,2,1,1
2355,2355,512,2,1,1
2356,2356,512,2,1,1
2357,2357,512,2,1,1
2358,2358,513,2,1,1
2359,2359,513,2,1,1
2360,2360,514,1,1,1
2361,2361,514,1,1,1
2362,2362,514,2,1,1
2363,2363,514,2,1,1
2364,2364,514,2,1,1
2365,2365,514,2,1,1
2366,2366,515,2,1,1
2367,2367,515,2,1,1
2368,2368,516,2,1,1
2369,2369,516,2,1,1
2370,2370,516,2,1,1
2371,2371,517,2,1,1
2372,2372,517,2,1,1
2373,2373,518,1,1,1
2374,2374,518,1,1,1
2375,2375,518,2,1,1
2376,2376,518,2,1,1
2377,2377,518,2,1,1
2378,2378,518,2,1,1
2379,2379,519,2,1,1
2380,2380,519,2,1,1
2381,2381,519,2,1,1
2382,2382,519,2,1,1
2383,2383,520,1,1,1
2384,2384,520,1,1,1
2385,2385,521,1,1,1
2386,2386,521,1,1,1
2387,2387,521,1,1,1
2388,2388,521,1,1,1
2389,2389,521,2,1,1
2390,2390,521,2,1,1
2391,2391,521,2,1,1
2392,2392,522,2,1,1
2393,2393,522,2,1,1
2394,2394,523,1,1,1
2395,2395,523,1,1,1
2396,2396,524,1,1,1
2397,2397,524,1,1,1
2398,2398,524,2,1,1
2399,2399,524,2,1,1
2400,2400,524,2,1,1
2401,2401,524,2,1,1
2402,2402,525,1,1,1
2403,2403,525,1,1,1
2404,2404,525,1,1,1
2405,2405,525,1,1,1
2406,2406,525,2,1,1
2407,2407,525,2,1,1
2408,2408,525,2,1,1
2409,2409,525,2,1,1
2410,2410,526,2,1,1
2411,2411,526,2,1,1
2412,2412,526,2,1,1
2413,2413,526,2,1,1
2414,2414,527,1,1,1
2415,2415,527,1,1,1
2416,2416,527,2,1,1
2417,2417,527,2,1,1
2418,2418,527,2,1,1
2419,2419,527,2,1,1
2420,2420,528,1,1,1
2421,2421,528,1,1,1
2422,2422,528,1,1,1
2423,2423,529,1,1,1
2424,2424,529,1,1,1
2425,2425,529,1,1,1
2426,2426,529,1,1,1
2427,2427,530,1,1,1
2428,2428,530,1,1,1
2429,2429,530,1,1,1
2430,2430,531,1,1,1
2431,2431,531,1,1,1
2432,2432,531,1,1,1
2433,2433,531,1,1,1
2434,2434,531,2,1,1
2435,2435,531,2,1,1
2436,2436,531,2,1,1
2437,2437,531,2,1,1
2438,2438,532,2,1,1
2439,2439,532,2,1,1
2440,2440,532,2,1,1
2441,2441,532,2,1,1
2442,2442,533,1,1,1
2443,2443,533,1,1,1
2444,2444,533,1,1,1
2445,2445,534,1,1,1
2446,2446,534,1,1,1
2447,2447,534,2,1,1
2448,2448,534,2,1,1
2449,2449,534,2,1,1
2450,2450,535,1,1,1
2451,2451,535,1,1,1
2452,2452,535,1,1,1
2453,2453,535,1,1,1
2454,2454,536,1,1,1
2455,2455,536,1,1,1
2456,2456,536,1,1,1
2457,2457,536,2,1,1
2458,2458,536,2,1,1
2459,2459,537,2,1,1
2460,2460,537,2,1,1
2461,2461,537,2,1,1
2462,2462,538,2,1,1
2463,2463,538,2,1,1
2464,2464,538,2,1,1
2465,2465,539,1,1,1
2466,2466,539,1,1,1
2467,2467,540,1,1,1
2468,2468,540,1,1,1
2469,2469,540,1,1,1
2470,2470,541,2,1,1
2471,2471,541,2,1,1
2472,2472,542,1,1,1
2473,2473,542,1,1,1
2474,2474,542,1,1,1
2475,2475,542,1,1,1
2476,2476,542,2,1,1
2477,2477,542,2,1,1
2478,2478,543,1,1,1
2479,2479,543,1,1,1
2480,2480,544,1,1,1
2481,2481,544,1,1,1
2482,2482,544,2,1,1
2483,2483,544,2,1,1
2484,2484,545,1,1,1
2485,2485,545,1,1,1
2486,2486,545,1,1,1
2487,2487,545,1,1,1
2488,2488,545,2,1,1
2489,2489,545,2,1,1
2490,2490,546,2,1,1
2491,2491,546,2,1,1
2492,2492,546,2,1,1
2493,2493,546,2,1,1
2494,2494,547,2,1,1
2495,2495,547,2,1,1
2496,2496,548,1,1,1
2497,2497,548,1,1,1
2498,2498,549,1,1,1
2499,2499,549,1,1,1
2500,2500,549,2,1,1
2501,2501,549,2,1,1
2502,2502,550,1,1,1
2503,2503,550,1,1,1
2504,2504,550,1,1,1
2505,2505,551,1,1,1
2506,2506,551,1,1,1
2507,2507,551,1,1,1
2508,2508,551,2,1,1
2509,2509,551,2,1,1
2510,2510,551,2,1,1
2511,2511,552,2,1,1
2512,2512,552,2,1,1
2513,2513,552,2,1,1
2514,2514,552,2,1,1
2515,2515,553,2,1,1
2516,2516,553,2,1,1
2517,2517,553,2,1,1
2518,2518,554,1,1,1
2519,2519,554,1,1,1
2520,2520,554,1,1,1
2521,2521,554,1,1,1
2522,2522,554,2,1,1
2523,2523,554,2,1,1
2524,2524,554,2,1,1
2525,2525,555,1,1,1
2526,2526,555,1,1,1
2527,2527,555,1,1,1
2528,2528,555,2,1,1
2529,2529,555,2,1,1
2530,2530,555,2,1,1
2531,2531,555,2,1,1
2532,2532,556,1,1,1
2533,2533,556,1,1,1
2534,2534,556,1,1,1
2535,2535,556,2,1,1
2536,2536,556,2,1,1
2537,2537,556,2,1,1
2538,2538,556,2,1,1
2539,2539,557,1,1,1
2540,2540,557,1,1,1
2541,2541,557,2,1,1
2542,2542,557,2,1,1
2543,2543,557,2,1,1
2544,2544,558,2,1,1
2545,2545,558,2,1,1
2546,2546,559,1,1,1
2547,2547,559,1,1,1
2548,2548,559,1,1,1
2549,2549,559,1,1,1
2550,2550,559,2,1,1
2551,2551,559,2,1,1
2552,2552,559,2,1,1
2553,2553,559,2,1,1
2554,2554,560,1,1,1
2555,2555,560,1,1,1
2556,2556,560,1,1,1
2557,2557,560,2,1,1
2558,2558,560,2,1,1
2559,2559,561,1,1,1
2560,2560,561,1,1,1
2561,2561,561,1,1,1
2562,2562,561,1,1,1
2563,2563,562,1,1,1
2564,2564,562,1,1,1
2565,2565,562,1,1,1
2566,2566,562,1,1,1
2567,2567,562,2,1,1
2568,2568,562,2,1,1
2569,2569,563,1,1,1
2570,2570,563,1,1,1
2571,2571,563,1,1,1
2572,2572,563,1,1,1
2573,2573,563,2,1,1
2574,2574,563,2,1,1
2575,2575,563,2,1,1
2576,2576,564,2,1,1
2577,2577,564,2,1,1
2578,2578,564,2,1,1
2579,2579,565,1,1,1
2580,2580,565,1,1,1
2581,2581,566,1,1,1
2582,2582,566,1,1,1
2583,2583,567,1,1,1
2584,2584,567,1,1,1
2585,2585,567,2,1,1
2586,2586,567,2,1,1
2587,2587,568,1,1,1
2588,2588,568,1,1,1
2589,2589,568,2,1,1
2590,2590,568,2,1,1
2591,2591,569,1,1,1
2592,2592,569,1,1,1
2593,2593,570,1,1,1
2594,2594,570,1,1,1
2595,2595,570,2,1,1
2596,2596,570,2,1,1
2597,2597,570,2,1,1
2598,2598,571,1,1,1
2599,2599,571,1,1,1
2600,2600,571,2,1,1
2601,2601,571,2,1,1
2602,2602,571,2,1,1
2603,2603,571,2,1,1
2604,2604,572,1,1,1
2605,2605,572,1,1,1
2606,2606,572,1,1,1
2607,2607,572,1,1,1
2608,2608,572,2,1,1
2609,2609,572,2,1,1
2610,2610,572,2,1,1
2611,2611,572,2,1,1
2612,2612,573,1,1,1
2613,2613,573,1,1,1
2614,2614,573,1,1,1
2615,2615,573,1,1,1
2616,2616,574,1,1,1
2617,2617,574,1,1,1
2618,2618,574,2,1,1
2619,2619,574,2,1,1
2620,2620,574,2,1,1
2621,2621,575,1,1,1
2622,2622,575,1,1,1
2623,2623,575,2,1,1
2624,2624,575,2,1,1
2625,2625,575,2,1,1
2626,2626,575,2,1,1
2627,2627,576,2,1,1
2628,2628,576,2,1,1
2629,2629,576,2,1,1
2630,2630,577,1,1,1
2631,2631,577,1,1,1
2632,2632,577,1,1,1
2633,2633,578,1,1,1
2634,2634,578,1,1,1
2635,2635,578,2,1,1
2636,2636,578,2,1,1
2637,2637,578,2,1,1
2638,2638,579,1,1,1
2639,2639,579,1,1,1
2640,2640,579,1,1,1
2641,2641,579,1,1,1
2642,2642,579,2,1,1
2643,2643,579,2,1,1
2644,2644,579,2,1,1
2645,2645,580,1,1,1
2646,2646,580,1,1,1
2647,2647,580,1,1,1
2648,2648,580,1,1,1
2649,2649,580,2,1,1
2650,2650,580,2,1,1
2651,2651,581,1,1,1
2652,2652,581,1,1,1
2653,2653,581,1,1,1
2654,2654,582,2,1,1
2655,2655,582,2,1,1
2656,2656,583,1,1,1
2657,2657,583,1,1,1
2658,2658,583,1,1,1
2659,2659,583,2,1,1
2660,2660,583,2,1,1
2661,2661,584,1,1,1
2662,2662,584,1,1,1
2663,2663,585,2,1,1
2664,2664,585,2,1,1
2665,2665,585,2,1,1
2666,2666,585,2,1,1
2667,2667,586,1,1,1
2668,2668,586,1,1,1
2669,2669,586,1,1,1
2670,2670,586,1,1,1
2671,2671,586,2,1,1
2672,2672,586,2,1,1
2673,2673,586,2,1,1
2674,2674,586,2,1,1
2675,2675,587,1,1,1
2676,2676,587,1,1,1
2677,2677,587,1,1,1
2678,2678,588,2,1,1
2679,2679,588,2,1,1
2680,2680,588,2,1,1
2681,2681,588,2,1,1
2682,2682,589,2,1,1
2683,2683,589,2,1,1
2684,2684,589,2,1,1
2685,2685,589,2,1,1
2686,2686,590,1,1,1
2687,2687,590,1,1,1
2688,2688,590,1,1,1
2689,2689,590,2,1,1
2690,2690,590,2,1,1
2691,2691,590,2,1,1
2692,2692,590,2,1,1
2693,2693,591,2,1,1
2694,2694,591,2,1,1
2695,2695,591,2,1,1
2696,2696,592,1,1,1
2697,2697,592,1,1,1
2698,2698,592,2,1,1
2699,2699,592,2,1,1
2700,2700,593,2,1,1
2701,2701,593,2,1,1
2702,2702,593,2,1,1
2703,2703,593,2,1,1
2704,2704,594,1,1,1
2705,2705,594,1,1,1
2706,2706,594,1,1,1
2707,2707,595,1,1,1
2708,2708,595,1,1,1
2709,2709,595,1,1,1
2710,2710,595,1,1,1
2711,2711,595,2,1,1
2712,2712,595,2,1,1
2713,2713,595,2,1,1
2714,2714,595,2,1,1
2715,2715,596,1,1,1
2716,2716,596,1,1,1
2717,2717,596,2,1,1
2718,2718,596,2,1,1
2719,2719,596,2,1,1
2720,2720,596,2,1,1
2721,2721,597,2,1,1
2722,2722,597,2,1,1
2723,2723,597,2,1,1
2724,2724,597,2,1,1
2725,2725,598,1,1,1
2726,2726,598,1,1,1
2727,2727,598,1,1,1
2728,2728,598,1,1,1
2729,2729,599,1,1,1
2730,2730,599,1,1,1
2731,2731,599,1,1,1
2732,2732,599,2,1,1
2733,2733,599,2,1,1
2734,2734,600,1,1,1
2735,2735,600,1,1,1
2736,2736,600,2,1,1
2737,2737,600,2,1,1
2738,2738,601,1,1,1
2739,2739,601,1,1,1
2740,2740,601,1,1,1
2741,2741,601,2,1,1
2742,2742,601,2,1,1
2743,2743,602,1,1,1
2744,2744,602,1,1,1
2745,2745,602,2,1,1
2746,2746,602,2,1,1
2747,2747,602,2,1,1
2748,2748,603,1,1,1
2749,2749,603,1,1,1
2750,2750,603,1,1,1
2751,2751,603,1,1,1
2752,2752,603,2,1,1
2753,2753,603,2,1,1
2754,2754,604,2,1,1
2755,2755,604,2,1,1
2756,2756,604,2,1,1
2757,2757,605,2,1,1
2758,2758,605,2,1,1
2759,2759,606,1,1,1
2760,2760,606,1,1,1
2761,2761,606,2,1,1
2762,2762,606,2,1,1
2763,2763,606,2,1,1
2764,2764,606,2,1,1
2765,2765,608,1,1,1
2766,2766,608,1,1,1
2767,2767,608,2,1,1
2768,2768,608,2,1,1
2769,2769,608,2,1,1
2770,2770,608,2,1,1
2771,2771,609,1,1,1
2772,2772,609,1,1,1
2773,2773,609,1,1,1
2774,2774,609,1,1,1
2775,2775,609,2,1,1
2776,2776,609,2,1,1
2777,2777,609,2,1,1
2778,2778,609,2,1,1
2779,2779,610,1,1,1
2780,2780,610,1,1,1
2781,2781,610,2,1,1
2782,2782,610,2,1,1
2783,2783,610,2,1,1
2784,2784,611,1,1,1
2785,2785,611,1,1,1
2786,2786,611,1,1,1
2787,2787,611,1,1,1
2788,2788,611,2,1,1
2789,2789,611,2,1,1
2790,2790,612,2,1,1
2791,2791,612,2,1,1
2792,2792,613,1,1,1
2793,2793,613,1,1,1
2794,2794,614,1,1,1
2795,2795,614,1,1,1
2796,2796,614,1,1,1
2797,2797,614,2,1,1
2798,2798,614,2,1,1
2799,2799,614,2,1,1
2800,2800,615,2,1,1
2801,2801,615,2,1,1
2802,2802,615,2,1,1
2803,2803,615,2,1,1
2804,2804,616,1,1,1
2805,2805,616,1,1,1
2806,2806,616,2,1,1
2807,2807,616,2,1,1
2808,2808,616,2,1,1
2809,2809,616,2,1,1
2810,2810,617,1,1,1
2811,2811,617,1,1,1
2812,2812,617,1,1,1
2813,2813,618,2,1,1
2814,2814,618,2,1,1
2815,2815,618,2,1,1
2816,2816,618,2,1,1
2817,2817,619,1,1,1
2818,2818,619,1,1,1
2819,2819,619,2,1,1
2820,2820,619,2,1,1
2821,2821,619,2,1,1
2822,2822,619,2,1,1
2823,2823,620,1,1,1
2824,2824,620,1,1,1
2825,2825,620,2,1,1
2826,2826,620,2,1,1
2827,2827,620,2,1,1
2828,2828,621,1,1,1
2829,2829,621,1,1,1
2830,2830,621,1,1,1
2831,2831,621,1,1,1
2832,2832,621,2,1,1
2833,2833,621,2,1,1
2834,2834,621,2,1,1
2835,2835,621,2,1,1
2836,2836,622,2,1,1
2837,2837,622,2,1,1
2838,2838,623,1,1,1
2839,2839,623,1,1,1
2840,2840,623,2,1,1
2841,2841,623,2,1,1
2842,2842,623,2,1,1
2843,2843,624,1,1,1
2844,2844,624,1,1,1
2845,2845,624,1,1,1
2846,2846,624,2,1,1
2847,2847,624,2,1,1
2848,2848,624,2,1,1
2849,2849,624,2,1,1
2850,2850,625,1,1,1
2851,2851,625,1,1,1
2852,2852,625,1,1,1
2853,2853,625,2,1,1
2854,2854,625,2,1,1
2855,2855,625,2,1,1
2856,2856,625,2,1,1
2857,2857,626,2,1,1
2858,2858,626,2,1,1
2859,2859,626,2,1,1
2860,2860,626,2,1,1
2861,2861,627,2,1,1
2862,2862,627,2,1,1
2863,2863,627,2,1,1
2864,2864,628,1,1,1
2865,2865,628,1,1,1
2866,2866,628,1,1,1
2867,2867,628,2,1,1
2868,2868,628,2,1,1
2869,2869,629,2,1,1
2870,2870,629,2,1,1
2871,2871,629,2,1,1
2872,2872,629,2,1,1
2873,2873,630,2,1,1
2874,2874,630,2,1,1
2875,2875,630,2,1,1
2876,2876,631,1,1,1
2877,2877,631,1,1,1
2878,2878,631,1,1,1
2879,2879,631,2,1,1
2880,2880,631,2,1,1
2881,2881,632,1,1,1
2882,2882,632,1,1,1
2883,2883,632,1,1,1
2884,2884,633,2,1,1
2885,2885,633,2,1,1
2886,2886,633,2,1,1
2887,2887,634,2,1,1
2888,2888,634,2,1,1
2889,2889,634,2,1,1
2890,2890,634,2,1,1
2891,2891,635,2,1,1
2892,2892,635,2,1,1
2893,2893,636,1,1,1
2894,2894,636,1,1,1
2895,2895,636,1,1,1
2896,2896,637,1,1,1
2897,2897,637,1,1,1
2898,2898,637,2,1,1
2899,2899,637,2,1,1
2900,2900,637,2,1,1
2901,2901,638,1,1,1
2902,2902,638,1,1,1
2903,2903,638,1,1,1
2904,2904,638,1,1,1
2905,2905,638,2,1,1
2906,2906,638,2,1,1
2907,2907,638,2,1,1
2908,2908,638,2,1,1
2909,2909,639,2,1,1
2910,2910,639,2,1,1
2911,2911,639,2,1,1
2912,2912,640,2,1,1
2913,2913,640,2,1,1
2914,2914,640,2,1,1
2915,2915,641,1,1,1
2916,2916,641,1,1,1
2917,2917,641,1,1,1
2918,2918,641,2,1,1
2919,2919,641,2,1,1
2920,2920,641,2,1,1
2921,2921,641,2,1,1
2922,2922,643,1,1,1
2923,2923,643,1,1,1
2924,2924,643,1,1,1
2925,2925,643,2,1,1
2926,2926,643,2,1,1
2927,2927,643,2,1,1
2928,2928,644,1,1,1
2929,2929,644,1,1,1
2930,2930,644,1,1,1
2931,2931,644,2,1,1
2932,2932,644,2,1,1
2933,2933,644,2,1,1
2934,2934,644,2,1,1
2935,2935,645,1,1,1
2936,2936,645,1,1,1
2937,2937,645,1,1,1
2938,2938,645,2,1,1
2939,2939,645,2,1,1
2940,2940,645,2,1,1
2941,2941,646,1,1,1
2942,2942,646,1,1,1
2943,2943,646,1,1,1
2944,2944,646,2,1,1
2945,2945,646,2,1,1
2946,2946,647,1,1,1
2947,2947,647,1,1,1
2948,2948,647,1,1,1
2949,2949,647,2,1,1
2950,2950,647,2,1,1
2951,2951,647,2,1,1
2952,2952,648,1,1,1
2953,2953,648,1,1,1
2954,2954,648,1,1,1
2955,2955,648,1,1,1
2956,2956,648,2,1,1
2957,2957,648,2,1,1
2958,2958,649,1,1,1
2959,2959,649,1,1,1
2960,2960,649,2,1,1
2961,2961,649,2,1,1
2962,2962,649,2,1,1
2963,2963,649,2,1,1
2964,2964,650,1,1,1
2965,2965,650,1,1,1
2966,2966,650,2,1,1
2967,2967,650,2,1,1
2968,2968,650,2,1,1
2969,2969,650,2,1,1
2970,2970,651,1,1,1
2971,2971,651,1,1,1
2972,2972,651,2,1,1
2973,2973,651,2,1,1
2974,2974,651,2,1,1
2975,2975,651,2,1,1
2976,2976,652,1,1,1
2977,2977,652,1,1,1
2978,2978,652,1,1,1
2979,2979,652,1,1,1
2980,2980,653,1,1,1
2981,2981,653,1,1,1
2982,2982,654,1,1,1
2983,2983,654,1,1,1
2984,2984,654,2,1,1
2985,2985,654,2,1,1
2986,2986,655,1,1,1
2987,2987,655,1,1,1
2988,2988,655,1,1,1
2989,2989,655,2,1,1
2990,2990,655,2,1,1
2991,2991,655,2,1,1
2992,2992,656,2,1,1
2993,2993,656,2,1,1
2994,2994,657,1,1,1
2995,2995,657,1,1,1
2996,2996,657,1,1,1
2997,2997,657,1,1,1
2998,2998,657,2,1,1
2999,2999,657,2,1,1
3000,3000,658,2,1,1
3001,3001,658,2,1,1
3002,3002,658,2,1,1
3003,3003,658,2,1,1
3004,3004,659,2,1,1
3005,3005,659,2,1,1
3006,3006,660,1,1,1
3007,3007,660,1,1,1
3008,3008,660,2,1,1
3009,3009,660,2,1,1
3010,3010,661,1,1,1
3011,3011,661,1,1,1
3012,3012,661,1,1,1
3013,3013,661,1,1,1
3014,3014,662,1,1,1
3015,3015,662,1,1,1
3016,3016,662,2,1,1
3017,3017,662,2,1,1
3018,3018,663,1,1,1
3019,3019,663,1,1,1
3020,3020,663,1,1,1
3021,3021,663,2,1,1
3022,3022,663,2,1,1
3023,3023,664,1,1,1
3024,3024,664,1,1,1
3025,3025,664,2,1,1
3026,3026,664,2,1,1
3027,3027,664,2,1,1
3028,3028,665,1,1,1
3029,3029,665,1,1,1
3030,3030,665,1,1,1
3031,3031,665,1,1,1
3032,3032,665,2,1,1
3033,3033,665,2,1,1
3034,3034,665,2,1,1
3035,3035,666,1,1,1
3036,3036,666,1,1,1
3037,3037,666,1,1,1
3038,3038,666,2,1,1
3039,3039,666,2,1,1
3040,3040,667,1,1,1
3041,3041,667,1,1,1
3042,3042,667,2,1,1
3043,3043,667,2,1,1
3044,3044,668,1,1,1
3045,3045,668,1,1,1
3046,3046,668,2,1,1
3047,3047,668,2,1,1
3048,3048,668,2,1,1
3049,3049,670,1,1,1
3050,3050,670,1,1,1
3051,3051,670,1,1,1
3052,3052,670,1,1,1
3053,3053,670,2,1,1
3054,3054,670,2,1,1
3055,3055,670,2,1,1
3056,3056,672,1,1,1
3057,3057,672,1,1,1
3058,3058,672,2,1,1
3059,3059,672,2,1,1
3060,3060,672,2,1,1
3061,3061,672,2,1,1
3062,3062,673,1,1,1
3063,3063,673,1,1,1
3064,3064,673,2,1,1
3065,3065,673,2,1,1
3066,3066,674,1,1,1
3067,3067,674,1,1,1
3068,3068,674,1,1,1
3069,3069,675,1,1,1
3070,3070,675,1,1,1
3071,3071,676,1,1,1
3072,3072,676,1,1,1
3073,3073,676,2,1,1
3074,3074,676,2,1,1
3075,3075,676,2,1,1
3076,3076,676,2,1,1
3077,3077,677,1,1,1
3078,3078,677,1,1,1
3079,3079,677,1,1,1
3080,3080,677,2,1,1
3081,3081,677,2,1,1
3082,3082,677,2,1,1
3083,3083,677,2,1,1
3084,3084,678,1,1,1
3085,3085,678,1,1,1
3086,3086,678,1,1,1
3087,3087,678,1,1,1
3088,3088,679,1,1,1
3089,3089,679,1,1,1
3090,3090,679,2,1,1
3091,3091,679,2,1,1
3092,3092,680,1,1,1
3093,3093,680,1,1,1
3094,3094,680,2,1,1
3095,3095,680,2,1,1
3096,3096,680,2,1,1
3097,3097,680,2,1,1
3098,3098,681,1,1,1
3099,3099,681,1,1,1
3100,3100,681,1,1,1
3101,3101,681,2,1,1
3102,3102,681,2,1,1
3103,3103,681,2,1,1
3104,3104,682,1,1,1
3105,3105,682,1,1,1
3106,3106,682,1,1,1
3107,3107,683,1,1,1
3108,3108,683,1,1,1
3109,3109,683,1,1,1
3110,3110,683,1,1,1
3111,3111,683,2,1,1
3112,3112,683,2,1,1
3113,3113,683,2,1,1
3114,3114,683,2,1,1
3115,3115,684,2,1,1
3116,3116,684,2,1,1
3117,3117,685,2,1,1
3118,3118,685,2,1,1
3119,3119,686,1,1,1
3120,3120,686,1,1,1
3121,3121,686,1,1,1
3122,3122,686,1,1,1
3123,3123,687,1,1,1
3124,3124,687,1,1,1
3125,3125,687,1,1,1
3126,3126,687,2,1,1
3127,3127,687,2,1,1
3128,3128,687,2,1,1
3129,3129,687,2,1,1
3130,3130,688,2,1,1
3131,3131,688,2,1,1
3132,3132,688,2,1,1
3133,3133,688,2,1,1
3134,3134,689,1,1,1
3135,3135,689,1,1,1
3136,3136,689,1,1,1
3137,3137,689,1,1,1
3138,3138,689,2,1,1
3139,3139,689,2,1,1
3140,3140,690,1,1,1
3141,3141,690,1,1,1
3142,3142,690,1,1,1
3143,3143,690,1,1,1
3144,3144,690,2,1,1
3145,3145,690,2,1,1
3146,3146,691,1,1,1
3147,3147,691,1,1,1
3148,3148,691,1,1,1
3149,3149,691,2,1,1
3150,3150,691,2,1,1
3151,3151,692,2,1,1
3152,3152,692,2,1,1
3153,3153,692,2,1,1
3154,3154,693,1,1,1
3155,3155,693,1,1,1
3156,3156,693,2,1,1
3157,3157,693,2,1,1
3158,3158,693,2,1,1
3159,3159,694,1,1,1
3160,3160,694,1,1,1
3161,3161,694,1,1,1
3162,3162,694,1,1,1
3163,3163,694,2,1,1
3164,3164,694,2,1,1
3165,3165,695,1,1,1
3166,3166,695,1,1,1
3167,3167,696,1,1,1
3168,3168,696,1,1,1
3169,3169,696,2,1,1
3170,3170,696,2,1,1
3171,3171,696,2,1,1
3172,3172,697,1,1,1
3173,3173,697,1,1,1
3174,3174,697,1,1,1
3175,3175,697,1,1,1
3176,3176,697,2,1,1
3177,3177,697,2,1,1
3178,3178,697,2,1,1
3179,3179,697,2,1,1
3180,3180,698,1,1,1
3181,3181,698,1,1,1
3182,3182,698,1,1,1
3183,3183,698,1,1,1
3184,3184,698,2,1,1
3185,3185,698,2,1,1
3186,3186,698,2,1,1
3187,3187,699,1,1,1
3188,3188,699,1,1,1
3189,3189,700,2,1,1
3190,3190,700,2,1,1
3191,3191,700,2,1,1
3192,3192,702,1,1,1
3193,3193,702,1,1,1
3194,3194,702,1,1,1
3195,3195,702,1,1,1
3196,3196,702,2,1,1
3197,3197,702,2,1,1
3198,3198,702,2,1,1
3199,3199,702,2,1,1
3200,3200,703,2,1,1
3201,3201,703,2,1,1
3202,3202,704,1,1,1
3203,3203,704,1,1,1
3204,3204,704,2,1,1
3205,3205,704,2,1,1
3206,3206,704,2,1,1
3207,3207,705,1,1,1
3208,3208,705,1,1,1
3209,3209,705,1,1,1
3210,3210,705,1,1,1
3211,3211,706,1,1,1
3212,3212,706,1,1,1
3213,3213,706,2,1,1
3214,3214,706,2,1,1
3215,3215,706,2,1,1
3216,3216,706,2,1,1
3217,3217,707,1,1,1
3218,3218,707,1,1,1
3219,3219,707,2,1,1
3220,3220,707,2,1,1
3221,3221,707,2,1,1
3222,3222,707,2,1,1
3223,3223,708,1,1,1
3224,3224,708,1,1,1
3225,3225,708,2,1,1
3226,3226,708,2,1,1
3227,3227,709,1,1,1
3228,3228,709,1,1,1
3229,3229,709,2,1,1
3230,3230,709,2,1,1
3231,3231,709,2,1,1
3232,3232,709,2,1,1
3233,3233,710,1,1,1
3234,3234,710,1,1,1
3235,3235,710,1,1,1
3236,3236,710,1,1,1
3237,3237,710,2,1,1
3238,3238,710,2,1,1
3239,3239,711,2,1,1
3240,3240,711,2,1,1
3241,3241,711,2,1,1
3242,3242,711,2,1,1
3243,3243,714,2,1,1
3244,3244,714,2,1,1
3245,3245,714,2,1,1
3246,3246,715,1,1,1
3247,3247,715,1,1,1
3248,3248,715,1,1,1
3249,3249,715,1,1,1
3250,3250,715,2,1,1
3251,3251,715,2,1,1
3252,3252,715,2,1,1
3253,3253,716,1,1,1
3254,3254,716,1,1,1
3255,3255,716,2,1,1
3256,3256,716,2,1,1
3257,3257,716,2,1,1
3258,3258,717,1,1,1
3259,3259,717,1,1,1
3260,3260,717,2,1,1
3261,3261,717,2,1,1
3262,3262,718,2,1,1
3263,3263,718,2,1,1
3264,3264,719,1,1,1
3265,3265,719,1,1,1
3266,3266,720,1,1,1
3267,3267,720,1,1,1
3268,3268,720,1,1,1
3269,3269,720,2,1,1
3270,3270,720,2,1,1
3271,3271,720,2,1,1
3272,3272,720,2,1,1
3273,3273,721,1,1,1
3274,3274,721,1,1,1
3275,3275,722,1,1,1
3276,3276,722,1,1,1
3277,3277,722,2,1,1
3278,3278,722,2,1,1
3279,3279,723,1,1,1
3280,3280,723,1,1,1
3281,3281,723,1,1,1
3282,3282,723,1,1,1
3283,3283,723,2,1,1
3284,3284,723,2,1,1
3285,3285,723,2,1,1
3286,3286,724,1,1,1
3287,3287,724,1,1,1
3288,3288,724,2,1,1
3289,3289,724,2,1,1
3290,3290,724,2,1,1
3291,3291,724,2,1,1
3292,3292,725,1,1,1
3293,3293,725,1,1,1
3294,3294,725,1,1,1
3295,3295,725,2,1,1
3296,3296,725,2,1,1
3297,3297,725,2,1,1
3298,3298,726,2,1,1
3299,3299,726,2,1,1
3300,3300,726,2,1,1
3301,3301,727,1,1,1
3302,3302,727,1,1,1
3303,3303,727,2,1,1
3304,3304,727,2,1,1
3305,3305,727,2,1,1
3306,3306,728,1,1,1
3307,3307,728,1,1,1
3308,3308,728,1,1,1
3309,3309,728,2,1,1
3310,3310,728,2,1,1
3311,3311,729,2,1,1
3312,3312,729,2,1,1
3313,3313,729,2,1,1
3314,3314,729,2,1,1
3315,3315,730,1,1,1
3316,3316,730,1,1,1
3317,3317,730,1,1,1
3318,3318,730,1,1,1
3319,3319,730,2,1,1
3320,3320,730,2,1,1
3321,3321,730,2,1,1
3322,3322,730,2,1,1
3323,3323,731,2,1,1
3324,3324,731,2,1,1
3325,3325,731,2,1,1
3326,3326,732,1,1,1
3327,3327,732,1,1,1
3328,3328,732,1,1,1
3329,3329,732,1,1,1
3330,3330,733,1,1,1
3331,3331,733,1,1,1
3332,3332,733,1,1,1
3333,3333,733,1,1,1
3334,3334,733,2,1,1
3335,3335,733,2,1,1
3336,3336,733,2,1,1
3337,3337,734,1,1,1
3338,3338,734,1,1,1
3339,3339,734,2,1,1
3340,3340,734,2,1,1
3341,3341,734,2,1,1
3342,3342,734,2,1,1
3343,3343,735,1,1,1
3344,3344,735,1,1,1
3345,3345,735,1,1,1
3346,3346,735,2,1,1
3347,3347,735,2,1,1
3348,3348,735,2,1,1
3349,3349,735,2,1,1
3350,3350,736,1,1,1
3351,3351,736,1,1,1
3352,3352,736,1,1,1
3353,3353,736,1,1,1
3354,3354,737,1,1,1
3355,3355,737,1,1,1
3356,3356,737,2,1,1
3357,3357,737,2,1,1
3358,3358,737,2,1,1
3359,3359,737,2,1,1
3360,3360,738,1,1,1
3361,3361,738,1,1,1
3362,3362,738,1,1,1
3363,3363,738,1,1,1
3364,3364,738,2,1,1
3365,3365,738,2,1,1
3366,3366,738,2,1,1
3367,3367,738,2,1,1
3368,3368,739,1,1,1
3369,3369,739,1,1,1
3370,3370,739,2,1,1
3371,3371,739,2,1,1
3372,3372,739,2,1,1
3373,3373,740,2,1,1
3374,3374,740,2,1,1
3375,3375,740,2,1,1
3376,3376,741,1,1,1
3377,3377,741,1,1,1
3378,3378,741,1,1,1
3379,3379,741,1,1,1
3380,3380,741,2,1,1
3381,3381,741,2,1,1
3382,3382,743,1,1,1
3383,3383,743,1,1,1
3384,3384,743,2,1,1
3385,3385,743,2,1,1
3386,3386,743,2,1,1
3387,3387,743,2,1,1
3388,3388,744,1,1,1
3389,3389,744,1,1,1
3390,3390,744,2,1,1
3391,3391,744,2,1,1
3392,3392,744,2,1,1
3393,3393,745,1,1,1
3394,3394,745,1,1,1
3395,3395,745,1,1,1
3396,3396,745,1,1,1
3397,3397,745,2,1,1
3398,3398,745,2,1,1
3399,3399,745,2,1,1
3400,3400,745,2,1,1
3401,3401,746,1,1,1
3402,3402,746,1,1,1
3403,3403,746,2,1,1
3404,3404,746,2,1,1
3405,3405,746,2,1,1
3406,3406,747,1,1,1
3407,3407,747,1,1,1
3408,3408,747,2,1,1
3409,3409,747,2,1,1
3410,3410,747,2,1,1
3411,3411,748,1,1,1
3412,3412,748,1,1,1
3413,3413,748,1,1,1
3414,3414,748,1,1,1
3415,3415,748,2,1,1
3416,3416,748,2,1,1
3417,3417,748,2,1,1
3418,3418,748,2,1,1
3419,3419,749,1,1,1
3420,3420,749,1,1,1
3421,3421,749,2,1,1
3422,3422,749,2,1,1
3423,3423,750,1,1,1
3424,3424,750,1,1,1
3425,3425,750,1,1,1
3426,3426,751,2,1,1
3427,3427,751,2,1,1
3428,3428,752,2,1,1
3429,3429,752,2,1,1
3430,3430,752,2,1,1
3431,3431,753,1,1,1
3432,3432,753,1,1,1
3433,3433,753,1,1,1
3434,3434,753,1,1,1
3435,3435,753,2,1,1
3436,3436,753,2,1,1
3437,3437,753,2,1,1
3438,3438,753,2,1,1
3439,3439,754,2,1,1
3440,3440,754,2,1,1
3441,3441,755,1,1,1
3442,3442,755,1,1,1
3443,3443,755,1,1,1
3444,3444,755,1,1,1
3445,3445,755,2,1,1
3446,3446,755,2,1,1
3447,3447,755,2,1,1
3448,3448,756,2,1,1
3449,3449,756,2,1,1
3450,3450,756,2,1,1
3451,3451,757,1,1,1
3452,3452,757,1,1,1
3453,3453,757,1,1,1
3454,3454,757,2,1,1
3455,3455,757,2,1,1
3456,3456,758,2,1,1
3457,3457,758,2,1,1
3458,3458,758,2,1,1
3459,3459,759,1,1,1
3460,3460,759,1,1,1
3461,3461,759,2,1,1
3462,3462,759,2,1,1
3463,3463,759,2,1,1
3464,3464,759,2,1,1
3465,3465,760,1,1,1
3466,3466,760,1,1,1
3467,3467,760,1,1,1
3468,3468,760,2,1,1
3469,3469,760,2,1,1
3470,3470,760,2,1,1
3471,3471,760,2,1,1
3472,3472,761,2,1,1
3473,3473,761,2,1,1
3474,3474,761,2,1,1
3475,3475,762,2,1,1
3476,3476,762,2,1,1
3477,3477,762,2,1,1
3478,3478,762,2,1,1
3479,3479,763,1,1,1
3480,3480,763,1,1,1
3481,3481,763,1,1,1
3482,3482,763,2,1,1
3483,3483,763,2,1,1
3484,3484,764,1,1,1
3485,3485,764,1,1,1
3486,3486,764,1,1,1
3487,3487,764,1,1,1
3488,3488,764,2,1,1
3489,3489,764,2,1,1
3490,3490,764,2,1,1
3491,3491,764,2,1,1
3492,3492,765,1,1,1
3493,3493,765,1,1,1
3494,3494,765,1,1,1
3495,3495,765,1,1,1
3496,3496,766,1,1,1
3497,3497,766,1,1,1
3498,3498,766,1,1,1
3499,3499,767,1,1,1
3500,3500,767,1,1,1
3501,3501,767,1,1,1
3502,3502,767,1,1,1
3503,3503,767,2,1,1
3504,3504,767,2,1,1
3505,3505,767,2,1,1
3506,3506,767,2,1,1
3507,3507,768,1,1,1
3508,3508,768,1,1,1
3509,3509,768,1,1,1
3510,3510,768,2,1,1
3511,3511,768,2,1,1
3512,3512,768,2,1,1
3513,3513,769,2,1,1
3514,3514,769,2,1,1
3515,3515,770,2,1,1
3516,3516,770,2,1,1
3517,3517,770,2,1,1
3518,3518,771,1,1,1
3519,3519,771,1,1,1
3520,3520,771,1,1,1
3521,3521,771,2,1,1
3522,3522,771,2,1,1
3523,3523,771,2,1,1
3524,3524,771,2,1,1
3525,3525,772,1,1,1
3526,3526,772,1,1,1
3527,3527,772,1,1,1
3528,3528,772,1,1,1
3529,3529,772,2,1,1
3530,3530,772,2,1,1
3531,3531,773,1,1,1
3532,3532,773,1,1,1
3533,3533,773,1,1,1
3534,3534,773,1,1,1
3535,3535,773,2,1,1
3536,3536,773,2,1,1
3537,3537,773,2,1,1
3538,3538,773,2,1,1
3539,3539,774,1,1,1
3540,3540,774,1,1,1
3541,3541,774,1,1,1
3542,3542,774,1,1,1
3543,3543,775,1,1,1
3544,3544,775,1,1,1
3545,3545,775,1,1,1
3546,3546,775,2,1,1
3547,3547,775,2,1,1
3548,3548,776,1,1,1
3549,3549,776,1,1,1
3550,3550,776,2,1,1
3551,3551,776,2,1,1
3552,3552,776,2,1,1
3553,3553,777,1,1,1
3554,3554,777,1,1,1
3555,3555,777,1,1,1
3556,3556,777,2,1,1
3557,3557,777,2,1,1
3558,3558,777,2,1,1
3559,3559,778,1,1,1
3560,3560,778,1,1,1
3561,3561,778,1,1,1
3562,3562,778,1,1,1
3563,3563,778,2,1,1
3564,3564,778,2,1,1
3565,3565,779,2,1,1
3566,3566,779,2,1,1
3567,3567,780,2,1,1
3568,3568,780,2,1,1
3569,3569,780,2,1,1
3570,3570,781,2,1,1
3571,3571,781,2,1,1
3572,3572,782,1,1,1
3573,3573,782,1,1,1
3574,3574,782,1,1,1
3575,3575,782,2,1,1
3576,3576,782,2,1,1
3577,3577,782,2,1,1
3578,3578,783,1,1,1
3579,3579,783,1,1,1
3580,3580,783,1,1,1
3581,3581,783,1,1,1
3582,3582,784,1,1,1
3583,3583,784,1,1,1
3584,3584,784,1,1,1
3585,3585,784,2,1,1
3586,3586,784,2,1,1
3587,3587,784,2,1,1
3588,3588,785,1,1,1
3589,3589,785,1,1,1
3590,3590,785,1,1,1
3591,3591,785,1,1,1
3592,3592,785,2,1,1
3593,3593,785,2,1,1
3594,3594,786,1,1,1
3595,3595,786,1,1,1
3596,3596,786,1,1,1
3597,3597,786,2,1,1
3598,3598,786,2,1,1
3599,3599,786,2,1,1
3600,3600,786,2,1,1
3601,3601,787,1,1,1
3602,3602,787,1,1,1
3603,3603,787,1,1,1
3604,3604,788,1,1,1
3605,3605,788,1,1,1
3606,3606,788,2,1,1
3607,3607,788,2,1,1
3608,3608,789,1,1,1
3609,3609,789,1,1,1
3610,3610,789,1,1,1
3611,3611,789,1,1,1
3612,3612,789,2,1,1
3613,3613,789,2,1,1
3614,3614,789,2,1,1
3615,3615,789,2,1,1
3616,3616,790,1,1,1
3617,3617,790,1,1,1
3618,3618,790,1,1,1
3619,3619,790,1,1,1
3620,3620,790,2,1,1
3621,3621,790,2,1,1
3622,3622,790,2,1,1
3623,3623,791,1,1,1
3624,3624,791,1,1,1
3625,3625,791,2,1,1
3626,3626,791,2,1,1
3627,3627,791,2,1,1
3628,3628,791,2,1,1
3629,3629,792,2,1,1
3630,3630,792,2,1,1
3631,3631,792,2,1,1
3632,3632,793,1,1,1
3633,3633,793,1,1,1
3634,3634,793,1,1,1
3635,3635,793,1,1,1
3636,3636,794,1,1,1
3637,3637,794,1,1,1
3638,3638,794,2,1,1
3639,3639,794,2,1,1
3640,3640,795,1,1,1
3641,3641,795,1,1,1
3642,3642,795,1,1,1
3643,3643,795,1,1,1
3644,3644,796,1,1,1
3645,3645,796,1,1,1
3646,3646,796,2,1,1
3647,3647,796,2,1,1
3648,3648,796,2,1,1
3649,3649,797,1,1,1
3650,3650,797,1,1,1
3651,3651,797,2,1,1
3652,3652,797,2,1,1
3653,3653,797,2,1,1
3654,3654,798,1,1,1
3655,3655,798,1,1,1
3656,3656,798,2,1,1
3657,3657,798,2,1,1
3658,3658,799,1,1,1
3659,3659,799,1,1,1
3660,3660,800,1,1,1
3661,3661,800,1,1,1
3662,3662,800,2,1,1
3663,3663,800,2,1,1
3664,3664,800,2,1,1
3665,3665,800,2,1,1
3666,3666,803,1,1,1
3667,3667,803,1,1,1
3668,3668,803,1,1,1
3669,3669,803,1,1,1
3670,3670,803,2,1,1
3671,3671,803,2,1,1
3672,3672,804,1,1,1
3673,3673,804,1,1,1
3674,3674,804,1,1,1
3675,3675,804,1,1,1
3676,3676,804,2,1,1
3677,3677,804,2,1,1
3678,3678,804,2,1,1
3679,3679,805,1,1,1
3680,3680,805,1,1,1
3681,3681,805,2,1,1
3682,3682,805,2,1,1
3683,3683,805,2,1,1
3684,3684,806,1,1,1
3685,3685,806,1,1,1
3686,3686,806,1,1,1
3687,3687,806,2,1,1
3688,3688,806,2,1,1
3689,3689,807,1,1,1
3690,3690,807,1,1,1
3691,3691,807,1,1,1
3692,3692,807,2,1,1
3693,3693,807,2,1,1
3694,3694,808,2,1,1
3695,3695,808,2,1,1
3696,3696,809,2,1,1
3697,3697,809,2,1,1
3698,3698,809,2,1,1
3699,3699,809,2,1,1
3700,3700,810,1,1,1
3701,3701,810,1,1,1
3702,3702,810,1,1,1
3703,3703,810,1,1,1
3704,3704,810,2,1,1
3705,3705,810,2,1,1
3706,3706,810,2,1,1
3707,3707,811,1,1,1
3708,3708,811,1,1,1
3709,3709,811,1,1,1
3710,3710,812,1,1,1
3711,3711,812,1,1,1
3712,3712,812,1,1,1
3713,3713,812,2,1,1
3714,3714,812,2,1,1
3715,3715,812,2,1,1
3716,3716,813,2,1,1
3717,3717,813,2,1,1
3718,3718,813,2,1,1
3719,3719,813,2,1,1
3720,3720,814,1,1,1
3721,3721,814,1,1,1
3722,3722,814,1,1,1
3723,3723,814,2,1,1
3724,3724,814,2,1,1
3725,3725,814,2,1,1
3726,3726,814,2,1,1
3727,3727,815,1,1,1
3728,3728,815,1,1,1
3729,3729,815,1,1,1
3730,3730,816,1,1,1
3731,3731,816,1,1,1
3732,3732,816,1,1,1
3733,3733,816,1,1,1
3734,3734,816,2,1,1
3735,3735,816,2,1,1
3736,3736,816,2,1,1
3737,3737,817,1,1,1
3738,3738,817,1,1,1
3739,3739,818,1,1,1
3740,3740,818,1,1,1
3741,3741,818,1,1,1
3742,3742,818,2,1,1
3743,3743,818,2,1,1
3744,3744,819,1,1,1
3745,3745,819,1,1,1
3746,3746,819,1,1,1
3747,3747,820,1,1,1
3748,3748,820,1,1,1
3749,3749,820,1,1,1
3750,3750,820,1,1,1
3751,3751,820,2,1,1
3752,3752,820,2,1,1
3753,3753,821,2,1,1
3754,3754,821,2,1,1
3755,3755,821,2,1,1
3756,3756,821,2,1,1
3757,3757,822,2,1,1
3758,3758,822,2,1,1
3759,3759,823,1,1,1
3760,3760,823,1,1,1
3761,3761,823,1,1,1
3762,3762,823,2,1,1
3763,3763,823,2,1,1
3764,3764,823,2,1,1
3765,3765,823,2,1,1
3766,3766,824,2,1,1
3767,3767,824,2,1,1
3768,3768,824,2,1,1
3769,3769,824,2,1,1
3770,3770,825,1,1,1
3771,3771,825,1,1,1
3772,3772,825,1,1,1
3773,3773,826,2,1,1
3774,3774,826,2,1,1
3775,3775,827,1,1,1
3776,3776,827,1,1,1
3777,3777,827,2,1,1
3778,3778,827,2,1,1
3779,3779,827,2,1,1
3780,3780,827,2,1,1
3781,3781,828,2,1,1
3782,3782,828,2,1,1
3783,3783,828,2,1,1
3784,3784,828,2,1,1
3785,3785,829,1,1,1
3786,3786,829,1,1,1
3787,3787,829,2,1,1
3788,3788,829,2,1,1
3789,3789,829,2,1,1
3790,3790,830,2,1,1
3791,3791,830,2,1,1
3792,3792,830,2,1,1
3793,3793,830,2,1,1
3794,3794,831,1,1,1
3795,3795,831,1,1,1
3796,3796,831,1,1,1
3797,3797,832,1,1,1
3798,3798,832,1,1,1
3799,3799,832,1,1,1
3800,3800,832,1,1,1
3801,3801,833,1,1,1
3802,3802,833,1,1,1
3803,3803,833,1,1,1
3804,3804,833,2,1,1
3805,3805,833,2,1,1
3806,3806,833,2,1,1
3807,3807,833,2,1,1
3808,3808,834,2,1,1
3809,3809,834,2,1,1
3810,3810,834,2,1,1
3811,3811,835,1,1,1
3812,3812,835,1,1,1
3813,3813,835,1,1,1
3814,3814,835,1,1,1
3815,3815,835,2,1,1
3816,3816,835,2,1,1
3817,3817,835,2,1,1
3818,3818,835,2,1,1
3819,3819,836,1,1,1
3820,3820,836,1,1,1
3821,3821,836,1,1,1
3822,3822,837,2,1,1
3823,3823,837,2,1,1
3824,3824,837,2,1,1
3825,3825,838,1,1,1
3826,3826,838,1,1,1
3827,3827,838,2,1,1
3828,3828,838,2,1,1
3829,3829,838,2,1,1
3830,3830,838,2,1,1
3831,3831,839,2,1,1
3832,3832,839,2,1,1
3833,3833,840,1,1,1
3834,3834,840,1,1,1
3835,3835,840,1,1,1
3836,3836,840,1,1,1
3837,3837,841,1,1,1
3838,3838,841,1,1,1
3839,3839,841,1,1,1
3840,3840,841,2,1,1
3841,3841,841,2,1,1
3842,3842,841,2,1,1
3843,3843,841,2,1,1
3844,3844,842,1,1,1
3845,3845,842,1,1,1
3846,3846,842,2,1,1
3847,3847,842,2,1,1
3848,3848,843,1,1,1
3849,3849,843,1,1,1
3850,3850,843,1,1,1
3851,3851,843,1,1,1
3852,3852,843,2,1,1
3853,3853,843,2,1,1
3854,3854,843,2,1,1
3855,3855,844,1,1,1
3856,3856,844,1,1,1
3857,3857,844,2,1,1
3858,3858,844,2,1,1
3859,3859,845,1,1,1
3860,3860,845,1,1,1
3861,3861,845,1,1,1
3862,3862,845,1,1,1
3863,3863,845,2,1,1
3864,3864,845,2,1,1
3865,3865,845,2,1,1
3866,3866,846,1,1,1
3867,3867,846,1,1,1
3868,3868,846,1,1,1
3869,3869,846,1,1,1
3870,3870,846,2,1,1
3871,3871,846,2,1,1
3872,3872,846,2,1,1
3873,3873,846,2,1,1
3874,3874,847,2,1,1
3875,3875,847,2,1,1
3876,3876,847,2,1,1
3877,3877,847,2,1,1
3878,3878,848,1,1,1
3879,3879,848,1,1,1
3880,3880,848,1,1,1
3881,3881,849,1,1,1
3882,3882,849,1,1,1
3883,3883,849,1,1,1
3884,3884,849,1,1,1
3885,3885,849,2,1,1
3886,3886,849,2,1,1
3887,3887,849,2,1,1
3888,3888,849,2,1,1
3889,3889,850,1,1,1
3890,3890,850,1,1,1
3891,3891,850,1,1,1
3892,3892,850,2,1,1
3893,3893,850,2,1,1
3894,3894,850,2,1,1
3895,3895,850,2,1,1
3896,3896,851,1,1,1
3897,3897,851,1,1,1
3898,3898,851,1,1,1
3899,3899,851,2,1,1
3900,3900,851,2,1,1
3901,3901,851,2,1,1
3902,3902,852,1,1,1
3903,3903,852,1,1,1
3904,3904,852,1,1,1
3905,3905,852,1,1,1
3906,3906,852,2,1,1
3907,3907,852,2,1,1
3908,3908,852,2,1,1
3909,3909,853,1,1,1
3910,3910,853,1,1,1
3911,3911,853,1,1,1
3912,3912,854,2,1,1
3913,3913,854,2,1,1
3914,3914,854,2,1,1
3915,3915,854,2,1,1
3916,3916,855,1,1,1
3917,3917,855,1,1,1
3918,3918,855,2,1,1
3919,3919,855,2,1,1
3920,3920,856,1,1,1
3921,3921,856,1,1,1
3922,3922,856,1,1,1
3923,3923,856,1,1,1
3924,3924,856,2,1,1
3925,3925,856,2,1,1
3926,3926,856,2,1,1
3927,3927,856,2,1,1
3928,3928,857,1,1,1
3929,3929,857,1,1,1
3930,3930,857,1,1,1
3931,3931,857,2,1,1
3932,3932,857,2,1,1
3933,3933,857,2,1,1
3934,3934,857,2,1,1
3935,3935,858,2,1,1
3936,3936,858,2,1,1
3937,3937,858,2,1,1
3938,3938,858,2,1,1
3939,3939,859,1,1,1
3940,3940,859,1,1,1
3941,3941,859,1,1,1
3942,3942,859,2,1,1
3943,3943,859,2,1,1
3944,3944,859,2,1,1
3945,3945,861,1,1,1
3946,3946,861,1,1,1
3947,3947,861,1,1,1
3948,3948,861,2,1,1
3949,3949,861,2,1,1
3950,3950,861,2,1,1
3951,3951,862,1,1,1
3952,3952,862,1,1,1
3953,3953,862,1,1,1
3954,3954,862,2,1,1
3955,3955,862,2,1,1
3956,3956,863,1,1,1
3957,3957,863,1,1,1
3958,3958,863,1,1,1
3959,3959,863,1,1,1
3960,3960,863,2,1,1
3961,3961,863,2,1,1
3962,3962,863,2,1,1
3963,3963,864,1,1,1
3964,3964,864,1,1,1
3965,3965,864,1,1,1
3966,3966,864,1,1,1
3967,3967,864,2,1,1
3968,3968,864,2,1,1
3969,3969,865,1,1,1
3970,3970,865,1,1,1
3971,3971,865,1,1,1
3972,3972,865,1,1,1
3973,3973,865,2,1,1
3974,3974,865,2,1,1
3975,3975,866,2,1,1
3976,3976,866,2,1,1
3977,3977,867,1,1,1
3978,3978,867,1,1,1
3979,3979,867,1,1,1
3980,3980,867,1,1,1
3981,3981,868,1,1,1
3982,3982,868,1,1,1
3983,3983,868,1,1,1
3984,3984,869,1,1,1
3985,3985,869,1,1,1
3986,3986,869,1,1,1
3987,3987,869,1,1,1
3988,3988,869,2,1,1
3989,3989,869,2,1,1
3990,3990,869,2,1,1
3991,3991,870,1,1,1
3992,3992,870,1,1,1
3993,3993,870,1,1,1
3994,3994,870,1,1,1
3995,3995,870,2,1,1
3996,3996,870,2,1,1
3997,3997,870,2,1,1
3998,3998,870,2,1,1
3999,3999,871,1,1,1
4000,4000,871,1,1,1
4001,4001,871,2,1,1
4002,4002,871,2,1,1
4003,4003,871,2,1,1
4004,4004,872,2,1,1
4005,4005,872,2,1,1
4006,4006,872,2,1,1
4007,4007,873,1,1,1
4008,4008,873,1,1,1
4009,4009,873,1,1,1
4010,4010,873,1,1,1
4011,4011,873,2,1,1
4012,4012,873,2,1,1
4013,4013,873,2,1,1
4014,4014,873,2,1,1
4015,4015,875,1,1,1
4016,4016,875,1,1,1
4017,4017,875,1,1,1
4018,4018,875,2,1,1
4019,4019,875,2,1,1
4020,4020,875,2,1,1
4021,4021,875,2,1,1
4022,4022,876,1,1,1
4023,4023,876,1,1,1
4024,4024,877,1,1,1
4025,4025,877,1,1,1
4026,4026,877,1,1,1
4027,4027,877,2,1,1
4028,4028,877,2,1,1
4029,4029,878,2,1,1
4030,4030,878,2,1,1
4031,4031,878,2,1,1
4032,4032,878,2,1,1
4033,4033,879,1,1,1
4034,4034,879,1,1,1
4035,4035,879,1,1,1
4036,4036,879,1,1,1
4037,4037,879,2,1,1
4038,4038,879,2,1,1
4039,4039,879,2,1,1
4040,4040,880,1,1,1
4041,4041,880,1,1,1
4042,4042,880,1,1,1
4043,4043,880,1,1,1
4044,4044,880,2,1,1
4045,4045,880,2,1,1
4046,4046,880,2,1,1
4047,4047,880,2,1,1
4048,4048,881,2,1,1
4049,4049,881,2,1,1
4050,4050,881,2,1,1
4051,4051,881,2,1,1
4052,4052,882,1,1,1
4053,4053,882,1,1,1
4054,4054,882,1,1,1
4055,4055,882,1,1,1
4056,4056,883,2,1,1
4057,4057,883,2,1,1
4058,4058,884,2,1,1
4059,4059,884,2,1,1
4060,4060,884,2,1,1
4061,4061,885,1,1,1
4062,4062,885,1,1,1
4063,4063,886,1,1,1
4064,4064,886,1,1,1
4065,4065,886,1,1,1
4066,4066,886,1,1,1
4067,4067,887,1,1,1
4068,4068,887,1,1,1
4069,4069,887,1,1,1
4070,4070,887,1,1,1
4071,4071,887,2,1,1
4072,4072,887,2,1,1
4073,4073,888,1,1,1
4074,4074,888,1,1,1
4075,4075,888,1,1,1
4076,4076,888,1,1,1
4077,4077,889,1,1,1
4078,4078,889,1,1,1
4079,4079,889,1,1,1
4080,4080,890,1,1,1
4081,4081,890,1,1,1
4082,4082,890,1,1,1
4083,4083,890,2,1,1
4084,4084,890,2,1,1
4085,4085,890,2,1,1
4086,4086,890,2,1,1
4087,4087,891,1,1,1
4088,4088,891,1,1,1
4089,4089,891,1,1,1
4090,4090,891,2,1,1
4091,4091,891,2,1,1
4092,4092,891,2,1,1
4093,4093,891,2,1,1
4094,4094,892,1,1,1
4095,4095,892,1,1,1
4096,4096,892,1,1,1
4097,4097,892,2,1,1
4098,4098,892,2,1,1
4099,4099,892,2,1,1
4100,4100,892,2,1,1
4101,4101,893,1,1,1
4102,4102,893,1,1,1
4103,4103,893,1,1,1
4104,4104,893,1,1,1
4105,4105,893,2,1,1
4106,4106,893,2,1,1
4107,4107,893,2,1,1
4108,4108,893,2,1,1
4109,4109,894,1,1,1
4110,4110,894,1,1,1
4111,4111,894,1,1,1
4112,4112,894,2,1,1
4113,4113,894,2,1,1
4114,4114,895,1,1,1
4115,4115,895,1,1,1
4116,4116,895,1,1,1
4117,4117,895,1,1,1
4118,4118,895,2,1,1
4119,4119,895,2,1,1
4120,4120,895,2,1,1
4121,4121,896,1,1,1
4122,4122,896,1,1,1
4123,4123,896,2,1,1
4124,4124,896,2,1,1
4125,4125,897,1,1,1
4126,4126,897,1,1,1
4127,4127,897,1,1,1
4128,4128,897,1,1,1
4129,4129,897,2,1,1
4130,4130,897,2,1,1
4131,4131,897,2,1,1
4132,4132,897,2,1,1
4133,4133,898,1,1,1
4134,4134,898,1,1,1
4135,4135,898,1,1,1
4136,4136,898,2,1,1
4137,4137,898,2,1,1
4138,4138,899,1,1,1
4139,4139,899,1,1,1
4140,4140,899,1,1,1
4141,4141,900,1,1,1
4142,4142,900,1,1,1
4143,4143,900,2,1,1
4144,4144,900,2,1,1
4145,4145,901,1,1,1
4146,4146,901,1,1,1
4147,4147,901,1,1,1
4148,4148,901,1,1,1
4149,4149,901,2,1,1
4150,4150,901,2,1,1
4151,4151,901,2,1,1
4152,4152,902,1,1,1
4153,4153,902,1,1,1
4154,4154,902,1,1,1
4155,4155,902,1,1,1
4156,4156,902,2,1,1
4157,4157,902,2,1,1
4158,4158,902,2,1,1
4159,4159,903,2,1,1
4160,4160,903,2,1,1
4161,4161,904,1,1,1
4162,4162,904,1,1,1
4163,4163,905,1,1,1
4164,4164,905,1,1,1
4165,4165,905,1,1,1
4166,4166,906,1,1,1
4167,4167,906,1,1,1
4168,4168,906,2,1,1
4169,4169,906,2,1,1
4170,4170,906,2,1,1
4171,4171,907,1,1,1
4172,4172,907,1,1,1
4173,4173,907,1,1,1
4174,4174,907,1,1,1
4175,4175,908,1,1,1
4176,4176,908,1,1,1
4177,4177,908,2,1,1
4178,4178,908,2,1,1
4179,4179,910,2,1,1
4180,4180,910,2,1,1
4181,4181,911,1,1,1
4182,4182,911,1,1,1
4183,4183,911,1,1,1
4184,4184,911,1,1,1
4185,4185,911,2,1,1
4186,4186,911,2,1,1
4187,4187,911,2,1,1
4188,4188,911,2,1,1
4189,4189,912,1,1,1
4190,4190,912,1,1,1
4191,4191,912,1,1,1
4192,4192,912,2,1,1
4193,4193,912,2,1,1
4194,4194,912,2,1,1
4195,4195,913,1,1,1
4196,4196,913,1,1,1
4197,4197,913,1,1,1
4198,4198,913,1,1,1
4199,4199,913,2,1,1
4200,4200,913,2,1,1
4201,4201,914,1,1,1
4202,4202,914,1,1,1
4203,4203,914,2,1,1
4204,4204,914,2,1,1
4205,4205,914,2,1,1
4206,4206,914,2,1,1
4207,4207,915,1,1,1
4208,4208,915,1,1,1
4209,4209,915,1,1,1
4210,4210,915,1,1,1
4211,4211,915,2,1,1
4212,4212,915,2,1,1
4213,4213,916,1,1,1
4214,4214,916,1,1,1
4215,4215,916,2,1,1
4216,4216,916,2,1,1
4217,4217,917,1,1,1
4218,4218,917,1,1,1
4219,4219,917,1,1,1
4220,4220,917,2,1,1
4221,4221,917,2,1,1
4222,4222,918,2,1,1
4223,4223,918,2,1,1
4224,4224,918,2,1,1
4225,4225,918,2,1,1
4226,4226,919,1,1,1
4227,4227,919,1,1,1
4228,4228,919,1,1,1
4229,4229,919,1,1,1
4230,4230,920,1,1,1
4231,4231,920,1,1,1
4232,4232,920,1,1,1
4233,4233,920,2,1,1
4234,4234,920,2,1,1
4235,4235,921,1,1,1
4236,4236,921,1,1,1
4237,4237,921,2,1,1
4238,4238,921,2,1,1
4239,4239,922,1,1,1
4240,4240,922,1,1,1
4241,4241,922,1,1,1
4242,4242,922,2,1,1
4243,4243,922,2,1,1
4244,4244,922,2,1,1
4245,4245,922,2,1,1
4246,4246,923,2,1,1
4247,4247,923,2,1,1
4248,4248,923,2,1,1
4249,4249,924,1,1,1
4250,4250,924,1,1,1
4251,4251,924,2,1,1
4252,4252,924,2,1,1
4253,4253,924,2,1,1
4254,4254,925,1,1,1
4255,4255,925,1,1,1
4256,4256,925,1,1,1
4257,4257,925,2,1,1
4258,4258,925,2,1,1
4259,4259,926,2,1,1
4260,4260,926,2,1,1
4261,4261,927,1,1,1
4262,4262,927,1,1,1
4263,4263,927,1,1,1
4264,4264,927,1,1,1
4265,4265,928,1,1,1
4266,4266,928,1,1,1
4267,4267,928,1,1,1
4268,4268,929,1,1,1
4269,4269,929,1,1,1
4270,4270,929,1,1,1
4271,4271,929,1,1,1
4272,4272,930,1,1,1
4273,4273,930,1,1,1
4274,4274,930,1,1,1
4275,4275,930,2,1,1
4276,4276,930,2,1,1
4277,4277,930,2,1,1
4278,4278,931,2,1,1
4279,4279,931,2,1,1
4280,4280,931,2,1,1
4281,4281,932,1,1,1
4282,4282,932,1,1,1
4283,4283,932,2,1,1
4284,4284,932,2,1,1
4285,4285,933,1,1,1
4286,4286,933,1,1,1
4287,4287,933,1,1,1
4288,4288,934,2,1,1
4289,4289,934,2,1,1
4290,4290,934,2,1,1
4291,4291,935,2,1,1
4292,4292,935,2,1,1
4293,4293,936,1,1,1
4294,4294,936,1,1,1
4295,4295,936,2,1,1
4296,4296,936,2,1,1
4297,4297,936,2,1,1
4298,4298,936,2,1,1
4299,4299,937,1,1,1
4300,4300,937,1,1,1
4301,4301,937,2,1,1
4302,4302,937,2,1,1
4303,4303,937,2,1,1
4304,4304,938,1,1,1
4305,4305,938,1,1,1
4306,4306,938,1,1,1
4307,4307,938,1,1,1
4308,4308,938,2,1,1
4309,4309,938,2,1,1
4310,4310,939,2,1,1
4311,4311,939,2,1,1
4312,4312,939,2,1,1
4313,4313,939,2,1,1
4314,4314,940,1,1,1
4315,4315,940,1,1,1
4316,4316,940,1,1,1
4317,4317,941,1,1,1
4318,4318,941,1,1,1
4319,4319,941,1,1,1
4320,4320,941,1,1,1
4321,4321,941,2,1,1
4322,4322,941,2,1,1
4323,4323,941,2,1,1
4324,4324,942,1,1,1
4325,4325,942,1,1,1
4326,4326,942,2,1,1
4327,4327,942,2,1,1
4328,4328,944,1,1,1
4329,4329,944,1,1,1
4330,4330,944,2,1,1
4331,4331,944,2,1,1
4332,4332,944,2,1,1
4333,4333,945,1,1,1
4334,4334,945,1,1,1
4335,4335,945,1,1,1
4336,4336,945,1,1,1
4337,4337,945,2,1,1
4338,4338,945,2,1,1
4339,4339,945,2,1,1
4340,4340,945,2,1,1
4341,4341,946,2,1,1
4342,4342,946,2,1,1
4343,4343,946,2,1,1
4344,4344,946,2,1,1
4345,4345,947,1,1,1
4346,4346,947,1,1,1
4347,4347,948,1,1,1
4348,4348,948,1,1,1
4349,4349,948,2,1,1
4350,4350,948,2,1,1
4351,4351,948,2,1,1
4352,4352,948,2,1,1
4353,4353,949,1,1,1
4354,4354,949,1,1,1
4355,4355,949,1,1,1
4356,4356,949,1,1,1
4357,4357,949,2,1,1
4358,4358,949,2,1,1
4359,4359,951,1,1,1
4360,4360,951,1,1,1
4361,4361,951,1,1,1
4362,4362,951,2,1,1
4363,4363,951,2,1,1
4364,4364,951,2,1,1
4365,4365,951,2,1,1
4366,4366,952,1,1,1
4367,4367,952,1,1,1
4368,4368,952,1,1,1
4369,4369,953,1,1,1
4370,4370,953,1,1,1
4371,4371,953,1,1,1
4372,4372,953,1,1,1
4373,4373,953,2,1,1
4374,4374,953,2,1,1
4375,4375,956,1,1,1
4376,4376,956,1,1,1
4377,4377,956,1,1,1
4378,4378,956,1,1,1
4379,4379,957,1,1,1
4380,4380,957,1,1,1
4381,4381,957,1,1,1
4382,4382,957,2,1,1
4383,4383,957,2,1,1
4384,4384,958,1,1,1
4385,4385,958,1,1,1
4386,4386,958,1,1,1
4387,4387,958,2,1,1
4388,4388,958,2,1,1
4389,4389,958,2,1,1
4390,4390,959,1,1,1
4391,4391,959,1,1,1
4392,4392,960,2,1,1
4393,4393,960,2,1,1
4394,4394,960,2,1,1
4395,4395,961,1,1,1
4396,4396,961,1,1,1
4397,4397,961,1,1,1
4398,4398,961,2,1,1
4399,4399,961,2,1,1
4400,4400,962,1,1,1
4401,4401,962,1,1,1
4402,4402,962,1,1,1
4403,4403,962,1,1,1
4404,4404,963,1,1,1
4405,4405,963,1,1,1
4406,4406,963,2,1,1
4407,4407,963,2,1,1
4408,4408,963,2,1,1
4409,4409,964,1,1,1
4410,4410,964,1,1,1
4411,4411,964,1,1,1
4412,4412,964,2,1,1
4413,4413,964,2,1,1
4414,4414,965,1,1,1
4415,4415,965,1,1,1
4416,4416,966,1,1,1
4417,4417,966,1,1,1
4418,4418,966,2,1,1
4419,4419,966,2,1,1
4420,4420,966,2,1,1
4421,4421,966,2,1,1
4422,4422,967,1,1,1
4423,4423,967,1,1,1
4424,4424,967,1,1,1
4425,4425,967,2,1,1
4426,4426,967,2,1,1
4427,4427,968,1,1,1
4428,4428,968,1,1,1
4429,4429,968,1,1,1
4430,4430,969,1,1,1
4431,4431,969,1,1,1
4432,4432,969,1,1,1
4433,4433,969,1,1,1
4434,4434,970,1,1,1
4435,4435,970,1,1,1
4436,4436,970,1,1,1
4437,4437,970,2,1,1
4438,4438,970,2,1,1
4439,4439,970,2,1,1
4440,4440,970,2,1,1
4441,4441,971,1,1,1
4442,4442,971,1,1,1
4443,4443,971,1,1,1
4444,4444,971,1,1,1
4445,4445,972,1,1,1
4446,4446,972,1,1,1
4447,4447,972,1,1,1
4448,4448,972,2,1,1
4449,4449,972,2,1,1
4450,4450,972,2,1,1
4451,4451,973,1,1,1
4452,4452,973,1,1,1
4453,4453,973,1,1,1
4454,4454,973,1,1,1
4455,4455,973,2,1,1
4456,4456,973,2,1,1
4457,4457,973,2,1,1
4458,4458,973,2,1,1
4459,4459,974,1,1,1
4460,4460,974,1,1,1
4461,4461,975,1,1,1
4462,4462,975,1,1,1
4463,4463,975,2,1,1
4464,4464,975,2,1,1
4465,4465,975,2,1,1
4466,4466,976,1,1,1
4467,4467,976,1,1,1
4468,4468,976,2,1,1
4469,4469,976,2,1,1
4470,4470,976,2,1,1
4471,4471,976,2,1,1
4472,4472,977,2,1,1
4473,4473,977,2,1,1
4474,4474,977,2,1,1
4475,4475,978,1,1,1
4476,4476,978,1,1,1
4477,4477,978,1,1,1
4478,4478,979,1,1,1
4479,4479,979,1,1,1
4480,4480,979,1,1,1
4481,4481,979,1,1,1
4482,4482,979,2,1,1
4483,4483,979,2,1,1
4484,4484,979,2,1,1
4485,4485,980,1,1,1
4486,4486,980,1,1,1
4487,4487,980,1,1,1
4488,4488,980,2,1,1
4489,4489,980,2,1,1
4490,4490,981,1,1,1
4491,4491,981,1,1,1
4492,4492,981,1,1,1
4493,4493,981,2,1,1
4494,4494,981,2,1,1
4495,4495,981,2,1,1
4496,4496,982,1,1,1
4497,4497,982,1,1,1
4498,4498,982,1,1,1
4499,4499,982,2,1,1
4500,4500,982,2,1,1
4501,4501,982,2,1,1
4502,4502,982,2,1,1
4503,4503,983,1,1,1
4504,4504,983,1,1,1
4505,4505,983,1,1,1
4506,4506,984,1,1,1
4507,4507,984,1,1,1
4508,4508,985,1,1,1
4509,4509,985,1,1,1
4510,4510,985,1,1,1
4511,4511,985,1,1,1
4512,4512,985,2,1,1
4513,4513,985,2,1,1
4514,4514,985,2,1,1
4515,4515,986,1,1,1
4516,4516,986,1,1,1
4517,4517,986,1,1,1
4518,4518,986,1,1,1
4519,4519,986,2,1,1
4520,4520,986,2,1,1
4521,4521,987,1,1,1
4522,4522,987,1,1,1
4523,4523,987,2,1,1
4524,4524,987,2,1,1
4525,4525,988,1,1,1
4526,4526,988,1,1,1
4527,4527,988,1,1,1
4528,4528,988,2,1,1
4529,4529,988,2,1,1
4530,4530,989,1,1,1
4531,4531,989,1,1,1
4532,4532,989,1,1,1
4533,4533,989,1,1,1
4534,4534,989,2,1,1
4535,4535,989,2,1,1
4536,4536,990,2,1,1
4537,4537,990,2,1,1
4538,4538,991,1,1,1
4539,4539,991,1,1,1
4540,4540,991,2,1,1
4541,4541,991,2,1,1
4542,4542,991,2,1,1
4543,4543,992,2,1,1
4544,4544,992,2,1,1
4545,4545,992,2,1,1
4546,4546,992,2,1,1
4547,4547,993,1,1,1
4548,4548,993,1,1,1
4549,4549,993,1,1,1
4550,4550,993,1,1,1
4551,4551,993,2,1,1
4552,4552,993,2,1,1
4553,4553,993,2,1,1
4554,4554,994,1,1,1
4555,4555,994,1,1,1
4556,4556,994,1,1,1
4557,4557,995,1,1,1
4558,4558,995,1,1,1
4559,4559,995,1,1,1
4560,4560,995,1,1,1
4561,4561,995,2,1,1
4562,4562,995,2,1,1
4563,4563,996,1,1,1
4564,4564,996,1,1,1
4565,4565,997,1,1,1
4566,4566,997,1,1,1
4567,4567,998,2,1,1
4568,4568,998,2,1,1
4569,4569,999,1,1,1
4570,4570,999,1,1,1
4571,4571,999,2,1,1
4572,4572,999,2,1,1
4573,4573,999,2,1,1
4574,4574,1000,1,1,1
4575,4575,1000,1,1,1
4576,4576,1000,1,1,1
4577,4577,1000,1,1,1
4578,4578,1000,2,1,1
4579,4579,1000,2,1,1
4580,4580,1000,2,1,1
4581,4581,1000,2,1,1
